,index,Row,Treat,Repeat,Plant,Gap,Leaf#1,Leaf#2,Leaf#3,Leaf#4,Leaf#5,Notes,Distance,Severity_Count
0,2,1,1,4,focus,0,100,5,10,20,75,,0,42
1,3,1,1,4,1,6,7.5,0,5,10,10,,6,6.5
2,4,1,1,4,2,10,2,15,5,0,0,,16,4.4
3,5,1,1,4,3,6,0,1,0,0,10,,22,2.2
4,6,1,1,4,4,6,0,0,1,0,0,,28,0.2
5,7,1,1,4,5,6,0,0,0,0,1,,34,0.2
6,8,1,1,4,6,6,0,1,0,0,0,,40,0.2
7,9,1,1,4,7,6,0,0,0,0,0,,46,0
8,10,1,1,4,8,6,0,1,0,0,0,,52,0.2
9,11,1,1,4,9,6,0,0,0,0,0,,58,0
10,12,1,1,4,10,6,0,,0,0,0,,64,0
11,13,1,1,4,11,6,0,0,0,0,0,,70,0
12,14,1,1,4,12,6,0,0,0,0,0,,76,0
13,15,1,1,4,13,6,0,0,0,0,0,,82,0
14,16,1,1,4,14,4,0,0,0,0,0,,86,0
15,2,2,2,4,0,0,0,0,0,0,0,,0,0
16,3,2,2,4,1,6,0,0,0,0,0,,6,0
17,4,2,2,4,2,4,0,0,0,0,0,,10,0
18,5,2,2,4,3,4,0,0,0,0,0,,14,0
19,6,2,2,4,4,6,0,0,0,,0,,20,0
20,7,2,2,4,5,6,0,0,0,0,0,,26,0
21,8,2,2,4,6,6,1,2,0,1,1,,32,1
22,9,2,2,4,7,6,0,0,0,1,0,,38,0.2
23,10,2,2,4,8,6,0,0,0,0,1,,44,0.2
24,11,2,2,4,9,6,1,0,0,0,0,,50,0.2
25,12,2,2,4,10,6,0,0,0,0,0,,56,0
26,13,2,2,4,11,6,0,0,0,0,0,,62,0
27,14,2,2,4,12,6,0,0,0,0,0,,68,0
28,15,2,2,4,13,6,0,0,0,0,0,,74,0
29,16,2,2,4,14,6,0,0,0,0,0,,80,0
30,2,3,3,4,focus,0,90,100,80,50,20,,0,68
31,3,3,3,4,1,4,50,40,20,40,60,,4,42
32,4,3,3,4,2,6,5,0,10,5,2,,10,4.4
33,5,3,3,4,3,6,1,1,0,2,,,16,1
34,6,3,3,4,4,6,2,1,1,2,0,,22,1.2
35,7,3,3,4,5,6,3,0,2,1,,,28,1.5
36,8,3,3,4,6,6,0,1,0,2,3,,34,1.2
37,9,3,3,4,7,8,2,2,2,1,3,,42,2
38,10,3,3,4,8,6,3,3,1,1,5,,48,2.6
39,11,3,3,4,9,6,5,5,1,3,5,,54,3.8
40,12,3,3,4,10,6,2,0,0,1,3,,60,1.2
41,13,3,3,4,11,6,5,10,5,3,5,,66,5.6
42,14,3,3,4,12,6,15,10,10,20,15,,72,14
43,15,3,3,4,13,6,5,40,15,10,60,,78,26
44,23,3,3,4,focus,6,60,5,100,20,5,,84,38
45,2,4,4,4,0,0,2,5,3,5,5,,0,4
46,3,4,4,4,1,4,2,10,2,3,3,,4,4
47,4,4,4,4,2,6,2,5,2,10,5,,10,4.8
48,5,4,4,4,3,6,8,2,5,0,0,,16,3
49,6,4,4,4,4,8,5,3,2,3,5,,24,3.6
50,7,4,4,4,5,6,5,3,5,3,2,,30,3.6
51,8,4,4,4,6,6,3,2,5,5,2,,36,3.4
52,9,4,4,4,7,6,2,5,3,2,3,,42,3
53,10,4,4,4,8,6,2,5,1,2,5,,48,3
54,11,4,4,4,9,6,0,2,5,1,0,,54,1.6
55,12,4,4,4,10,6,2,5,10,3,3,,60,4.6
56,13,4,4,4,11,6,5.5,5,3,5,5,,66,4.7
57,14,4,4,4,12,6,5,2,3,5,5,,72,4
58,15,4,4,4,13,6,3,10,7.5,5,6,,78,6.3
59,16,4,4,4,14,6,5,6,5,10,10,,84,7.2
60,2,5,5,4,focus,0,100,60,100,85,50,,0,79
61,3,5,5,4,1,6,50,60,80,70,80,,6,68
62,4,5,5,4,2,6,70,15,50,70,80,,12,57
63,5,5,5,4,3,6,50,95,80,80,80,,18,77
64,6,5,5,4,4,6,60,70,50,70,60,,24,62
65,7,5,5,4,5,6,20,50,70,60,30,,30,46
66,8,5,5,4,6,6,50,100,,50,,,36,66.67
67,9,5,5,4,7,6,30,20,30,50,50,,42,36
68,10,5,5,4,8,6,20,20,60,70,10,,48,36
69,11,5,5,4,9,6,10,20,20,50,30,,54,26
70,12,5,5,4,10,6,60,30,10,50,50,,60,40
71,13,5,5,4,11,6,50,30,40,25,30,,66,35
72,14,5,5,4,12,6,30,30,10,5,10,,72,17
73,15,5,5,4,13,6,5,20,5,10,20,,78,12
74,16,5,5,4,14,6,5,20,10,25,,,84,15
75,17,5,5,4,15,2,0,5,15,15,3,,86,7.6
76,2,6,1,3,focus,0,80,40,10,5,95,,0,46
77,3,6,1,3,1,6,10,3,5,5,5,,6,5.6
78,4,6,1,3,2,6,5,0,5,,5,,12,3.75
79,5,6,1,3,3,6,2,3,2,3,1,,18,2.2
80,6,6,1,3,4,6,0,2,3,2,2,,24,1.8
81,7,6,1,3,5,6,2,1,3,3,5,,30,2.8
82,8,6,1,3,6,4,1,4,0,0,1,,34,1.2
83,9,6,1,3,7,6,0,1,1,0,1,,40,0.6
84,10,6,1,3,8,8,0,3,2,1,1,,48,1.4
85,11,6,1,3,9,6,3,2,3,0,0,,54,1.6
86,12,6,1,3,10,6,0,1,5,2,3,,60,2.2
87,13,6,1,3,11,6,0,3,0,0,1,,66,0.8
88,14,6,1,3,12,6,1,2,1,3,2,,72,1.8
89,15,6,1,3,13,4,0,0,2,4,2,,76,1.6
90,2,7,2,3,focus,0,10,10,70,10,5,,0,21
91,3,7,2,3,1,6,3,0,2,4,1,,6,2
92,4,7,2,3,2,6,2,1,1,2,2,,12,1.6
93,5,7,2,3,3,6,2,1,2,3,0,,18,1.6
94,6,7,2,3,4,6,2,1,0,2,4,,24,1.8
95,7,7,2,3,5,6,2,4,1,5,5,,30,3.4
96,8,7,2,3,6,6,0,0,0,1,1,,36,0.4
97,9,7,2,3,7,6,1,1,0,1,0,,42,0.6
98,10,7,2,3,8,6,0,0,0,0,0,,48,0
99,11,7,2,3,9,6,3,0,3,,1,,54,1.75
100,12,7,2,3,10,6,0,,0,0,0,,60,0
101,13,7,2,3,11,6,5,2,1,4,0,,66,2.4
102,14,7,2,3,12,6,5,4,2,1,1,,72,2.6
103,15,7,2,3,13,8,10,5,20,5,5,,80,9
104,23,7,2,3,focus,2,2,10,70,5,100,,82,37.4
105,2,8,3,3,0,0,3,3,4,2,1,,0,2.6
106,3,8,3,3,1,4,2,2,5,4,0,,4,2.6
107,4,8,3,3,2,6,0,0,5,0,1,,10,1.2
108,5,8,3,3,3,4,1,3,0,4,,,14,2
109,6,8,3,3,4,6,5,4,10,2,2,,20,4.6
110,7,8,3,3,5,6,3,3,1,5,5,,26,3.4
111,8,8,3,3,6,8,10,5,3,5,5,,34,5.6
112,9,8,3,3,7,6,2,5,10,5,5,,40,5.4
113,10,8,3,3,8,6,10,0,10,4,5,,46,5.8
114,11,8,3,3,9,6,4,5,5,3,10,,52,5.4
115,12,8,3,3,10,6,10,5,5,5,5,,58,6
116,13,8,3,3,11,6,5,0,5,5,1,,64,3.2
117,14,8,3,3,12,6,3,10,5,10,3,,70,6.2
118,15,8,3,3,13,6,5,5,5,5,5,,76,5
119,16,8,3,3,14,6,10,5,5,10,2,,82,6.4
120,2,9,4,3,focus,0,90,0,20,10,20,,0,28
121,3,9,4,3,1,6,40,20,20,30,40,,6,30
122,4,9,4,3,2,6,20,10,20,10,10,,12,14
123,5,9,4,3,3,6,20,5,30,20,5,,18,16
124,6,9,4,3,4,6,1,0,10,15,5,,24,6.2
125,7,9,4,3,5,6,5,20,15,20,0,,30,12
126,8,9,4,3,6,6,20,5,20,15,20,,36,16
127,9,9,4,3,7,6,5,10,10,10,20,,42,11
128,10,9,4,3,8,6,20,20,5,5,15,,48,13
129,11,9,4,3,9,6,10,5,10,18,15,,54,11.6
130,12,9,4,3,10,6,20,20,5,5,,,60,12.5
131,13,9,4,3,11,6,20,5,50,30,20,,66,25
132,14,9,4,3,12,6,50,40,20,40,10,,72,32
133,23,9,4,3,focus,6,5,80,2,20,5,,78,22.4
134,2,10,5,3,focus,0,30,30,100,25,50,,0,47
135,3,10,5,3,1,6,10,10,10,30,10,,6,14
136,4,10,5,3,2,8,30,10,5,10,10,,14,13
137,5,10,5,3,3,8,5,20,5,20,10,,22,12
138,6,10,5,3,4,6,25,15,10,40,25,,28,23
139,7,10,5,3,5,6,20,30,40,20,20,,34,26
140,8,10,5,3,6,6,10,10,5,6,15,,40,9.2
141,9,10,5,3,7,6,20,15,10,5,5,,46,11
142,10,10,5,3,8,6,10,10,30,10,5,,52,13
143,11,10,5,3,9,8,10,5,5,5,5,,60,6
144,12,10,5,3,10,6,15,30,20,20,10,,66,19
145,13,10,5,3,11,8,15,30,15,20,30,,74,22
146,23,10,5,3,focus,4,25,5,70,70,35,,78,41
147,2,11,1,2,0,0,1,0,5,2,2,,0,2
148,3,11,1,2,1,8,0,0,0,2,2,,8,0.8
149,4,11,1,2,2,6,2,0,3,0,0,,14,1
150,5,11,1,2,3,6,0,0,1,1,1,,20,0.6
151,6,11,1,2,4,6,3,3,0,0,0,,26,1.2
152,7,11,1,2,5,8,1,0,3,1,1,,34,1.2
153,8,11,1,2,6,6,1,0,0,1,0,,40,0.4
154,9,11,1,2,7,6,0,0,1,0,0,,46,0.2
155,10,11,1,2,8,6,2,0,0,0,1,,52,0.6
156,11,11,1,2,9,6,0,0,0,0,1,,58,0.2
157,12,11,1,2,10,6,0,0,0,0,0,,64,0
158,13,11,1,2,11,8,2,3,1,1,3,,72,2
159,14,11,1,2,12,6,1,1,1,2,0,,78,1
160,15,11,1,2,13,2,0,0,0,0,0,,80,0
161,2,12,2,2,focus,0,5,100,10,5,90,,0,42
162,3,12,2,2,1,6,6,30,1,0,2,,6,7.8
163,4,12,2,2,2,6,3,2,5,5,6,,12,4.2
164,5,12,2,2,3,6,1,3,5,1,1,,18,2.2
165,6,12,2,2,4,6,0,3,4,0,2,,24,1.8
166,7,12,2,2,5,6,0,1,5,0,0,,30,1.2
167,8,12,2,2,6,6,0,1,1,0,0,,36,0.4
168,9,12,2,2,7,6,2,0,4,3,0,,42,1.8
169,10,12,2,2,8,8,0,1,0,0,0,,50,0.2
170,11,12,2,2,9,6,1,0,1,5,2,,56,1.8
171,12,12,2,2,10,6,2,1,0,2,0,,62,1
172,13,12,2,2,11,6,,2,0,0,,,68,0.67
173,14,12,2,2,12,6,,,,,,Dead plant,74,
174,15,12,2,2,13,6,5,1,0,2,1,,80,1.8
175,2,13,3,2,focus,0,5,2,10,100,30,,0,29.4
176,3,13,3,2,1,6,4,5,3,3,0,,6,3
177,4,13,3,2,2,6,8,2,8,5,3,,12,5.2
178,5,13,3,2,3,6,5,2,0,1,2,,18,2
179,6,13,3,2,4,6,5,3,3,5,0,,24,3.2
180,7,13,3,2,5,6,1,5,2,5,4,,30,3.4
181,8,13,3,2,6,6,0,5,5,8,4,,36,4.4
182,9,13,3,2,7,6,1,4,1,5,5,,42,3.2
183,10,13,3,2,8,4,4,0,3,,0,,46,1.75
184,11,13,3,2,9,6,3,0,0,2,2,,52,1.4
185,12,13,3,2,10,6,3,6,1,5,5,,58,4
186,13,13,3,2,11,6,10,5,6,5,8,,64,6.8
187,14,13,3,2,12,6,20,10,5,20,,,70,13.75
188,15,13,3,2,13,6,10,10,12,20,50,,76,20.4
189,16,13,3,2,14,6,25,25,50,10,60,,82,34
190,23,13,3,2,focus,4,10,80,100,0,100,,86,58
191,2,14,4,2,focus,0,15,40,60,100,70,,0,57
192,3,14,4,2,1,6,20,5,15,10,15,,6,13
193,4,14,4,2,2,6,5,6,2,5,10,,12,5.6
194,5,14,4,2,3,6,15,10,10,5,,,18,10
195,6,14,4,2,4,6,3,5,5,5,4,,24,4.4
196,7,14,4,2,5,6,4,2,1,1,,,30,2
197,8,14,4,2,6,6,1,1,3,1,3,,36,1.8
198,9,14,4,2,7,6,3,3,2,1,0,,42,1.8
199,10,14,4,2,8,6,5,5,6,4,0,,48,4
200,11,14,4,2,9,6,3,5,4,0,0,,54,2.4
201,12,14,4,2,10,6,10,10,15,20,0,,60,11
202,13,14,4,2,11,6,10,0,10,3,10,,66,6.6
203,14,14,4,2,12,6,50,25,30,30,20,,72,31
204,15,14,4,2,13,6,30,30,25,20,30,,78,27
205,23,14,4,2,focus,4,5,5,5,100,100,,82,43
206,2,15,5,2,focus,0,80,30,100,100,60,,0,74
207,3,15,5,2,1,4,70,50,30,20,30,,4,40
208,4,15,5,2,2,6,50,25,20,25,20,,10,28
209,5,15,5,2,3,8,5,20,10,20,20,,18,15
210,6,15,5,2,4,6,10,20,5,10,20,,24,13
211,7,15,5,2,5,6,5,25,20,25,20,,30,19
212,8,15,5,2,6,6,10,10,8,5,10,,36,8.6
213,9,15,5,2,7,6,10,10,10,10,5,,42,9
214,10,15,5,2,8,6,15,30,5,15,5,,48,14
215,11,15,5,2,9,6,10,5,10,10,10,,54,9
216,12,15,5,2,10,6,5,8,20,10,5,,60,9.6
217,13,15,5,2,11,6,10,2,10,5,5,,66,6.4
218,14,15,5,2,12,6,20,8,10,5,6,,72,9.8
219,15,15,5,2,13,8,5,5,5,5,10,,80,6
220,2,16,1,1,focus,0,20,25,90,95,80,,0,62
221,3,16,1,1,1,6,20,15,10,10,20,,6,15
222,4,16,1,1,2,6,15,8,5,3,20,,12,10.2
223,5,16,1,1,3,6,5,0,5,5,2,,18,3.4
224,6,16,1,1,4,6,10,6,4,5,5,,24,6
225,7,16,1,1,5,6,3,3,4,3,1,,30,2.8
226,8,16,1,1,6,6,2,4,5,6,2,,36,3.8
227,9,16,1,1,7,6,5,4,0,4,1,,42,2.8
228,10,16,1,1,8,6,3,4,3,5,5,,48,4
229,11,16,1,1,9,6,2,1,2,5,1,,54,2.2
230,12,16,1,1,10,8,2,0,4,1,2,,62,1.8
231,13,16,1,1,11,6,2,0,1,3,3,,68,1.8
232,14,16,1,1,12,6,4,4,3,1,5,,74,3.4
233,15,16,1,1,13,6,5,2,3,5,5,,80,4
234,16,16,1,1,14,2,3,0,0,0,0,,82,0.6
235,2,17,2,1,focus,0,30,100,100,95,80,,0,81
236,3,17,2,1,1,6,10,15,25,30,10,,6,18
237,4,17,2,1,2,6,10,5,8,5,5,,12,6.6
238,5,17,2,1,3,6,2,5,5,2,0,,18,2.8
239,6,17,2,1,4,6,3,2,0,2,4,,24,2.2
240,7,17,2,1,5,6,3,4,5,2,3,,30,3.4
241,8,17,2,1,6,6,5,10,4,6,4,,36,5.8
242,9,17,2,1,7,6,2,5,5,4,10,,42,5.2
243,10,17,2,1,8,8,1,5,6,5,5,,50,4.4
244,11,17,2,1,9,8,2,6,4,10,5,,58,5.4
245,12,17,2,1,10,6,5,3,8,10,4,,64,6
246,13,17,2,1,11,6,10,10,5,5,10,,70,8
247,14,17,2,1,12,6,10,10,30,15,10,,76,15
248,23,17,2,1,focus,6,5,60,20,90,0,,82,35
249,2,18,3,1,focus,0,2,20,100,50,90,,0,52.4
250,3,18,3,1,1,6,5,5,2,5,5,,6,4.4
251,4,18,3,1,2,6,2,3,5,3,3,,12,3.2
252,5,18,3,1,3,6,0,2,0,2,3,,18,1.4
253,6,18,3,1,4,8,0,0,3,0,2,,26,1
254,7,18,3,1,5,6,0,0,0,0,0,,32,0
255,8,18,3,1,6,6,0,3,0,1,0,,38,0.8
256,9,18,3,1,7,6,1,2,4,1,0,,44,1.6
257,10,18,3,1,8,6,3,3,3,1,0,,50,2
258,11,18,3,1,9,6,3,2,1,0,0,,56,1.2
259,12,18,3,1,10,6,1,0,5,1,0,,62,1.4
260,13,18,3,1,11,6,1,2,0,0,1,,68,0.8
261,14,18,3,1,12,6,2,3,3,0,0,,74,1.6
262,15,18,3,1,13,6,5,0,3,0,5,,80,2.6
263,16,18,3,1,14,4,1,0,0,1,1,,84,0.6
264,2,19,4,1,0,0,0,0,0,0,0,,0,0
265,3,19,4,1,1,6,0,0,0,0,1,,6,0.2
266,4,19,4,1,2,6,0,0,0,1,0,,12,0.2
267,5,19,4,1,3,6,0,0,0,0,0,,18,0
268,6,19,4,1,4,6,0,1,0,0,2,,24,0.6
269,7,19,4,1,5,6,2,2,0,0,0,,30,0.8
270,8,19,4,1,6,6,3,3,0,2,,,36,2
271,9,19,4,1,7,6,1,1,4,0,0,,42,1.2
272,10,19,4,1,8,6,1,1,1,0,0,,48,0.6
273,11,19,4,1,9,6,0,0,1,0,0,,54,0.2
274,12,19,4,1,10,6,1,0,4,0,0,,60,1
275,13,19,4,1,11,6,1,0,1,0,0,,66,0.4
276,14,19,4,1,12,6,0,0,0,3,1,,72,0.8
277,15,19,4,1,13,6,0,1,0,1,0,,78,0.4
278,16,19,4,1,14,6,0,0,0,1,1,,84,0.4
279,2,20,5,1,focus,0,70,100,50,70,100,,0,78
280,3,20,5,1,1,6,95,60,70,70,65,,6,72
281,4,20,5,1,2,6,30,30,25,20,20,,12,25
282,5,20,5,1,3,6,15,5,20,25,20,,18,17
283,6,20,5,1,4,6,30,15,10,15,10,,24,16
284,7,20,5,1,5,6,30,20,5,20,20,,30,19
285,8,20,5,1,6,6,10,2,8,5,10,,36,7
286,9,20,5,1,7,6,20,10,10,5,10,,42,11
287,10,20,5,1,8,6,10,5,1,3,3,,48,4.4
288,11,20,5,1,9,8,5,3,5,5,5,,56,4.6
289,12,20,5,1,10,6,2,4,10,8,2,,62,5.2
290,13,20,5,1,11,6,5,5,20,8,10,,68,9.6
291,14,20,5,1,12,6,5,4,5,1,5,,74,4
292,15,20,5,1,13,6,10,10,15,10,15,,80,12
293,23,20,5,1,focus,6,50,70,100,100,100,,86,84
