simulation,model_type,overall_r2,overall_rmse,overall_mae,obs_zeros,pred_zeros,obs_ones,pred_ones,continuous_r2,continuous_rmse
0,exponential,0.2683137342086708,0.10821773404014778,0.060778623272381364,0.3798076923076923,0.38304507211538463,0.004807692307692308,0.008834585336538461,0.4234792023908013,0.09381484722369836
0,gaussian,0.2502268458341764,0.10954711072366298,0.0626784188699765,0.3798076923076923,0.3842716346153846,0.004807692307692308,0.008830679086538461,0.3763638459827059,0.09757301582608689
0,power_law,0.32024787814962585,0.10430647538725009,0.05780044447605656,0.3798076923076923,0.3826688701923077,0.004807692307692308,0.008838341346153846,0.5269833844895118,0.08497717406402878
1,exponential,0.24761000925426724,0.10503132109026796,0.06338387818694662,0.35096153846153844,0.3521413762019231,0.004807692307692308,0.00884405048076923,0.5075843990024578,0.08032914842722756
1,gaussian,0.23258003509877057,0.10607520265116792,0.06503693527285458,0.35096153846153844,0.35186538461538464,0.004807692307692308,0.008952524038461538,0.4588181631700823,0.08421294730611467
1,power_law,0.2720947368987129,0.1033081901390744,0.061707077971629484,0.35096153846153844,0.3516580528846154,0.004807692307692308,0.008975360576923077,0.5551037893951554,0.07635484754060187
2,exponential,0.2207482474525,0.12982986766225404,0.06906484623153603,0.25961538461538464,0.2646201923076923,0.014423076923076924,0.017849158653846155,0.49127723104522947,0.07377946703474365
2,gaussian,0.18641804274951623,0.13265889483437596,0.07144201221830909,0.25961538461538464,0.26441646634615384,0.014423076923076924,0.017890625,0.44435598214765126,0.07710690073328397
2,power_law,0.28092238996687036,0.124716410764525,0.06446470941207336,0.25961538461538464,0.26422310697115386,0.014423076923076924,0.017891526442307692,0.6076158916108634,0.0647963631565228
3,exponential,0.46161049192777037,0.08090569313060524,0.0530043043761923,0.2932692307692308,0.2970596454326923,0.0,0.0045611478365384615,0.5447067006183166,0.08179666514282187
3,gaussian,0.4052178322364913,0.08503735797595752,0.05711809245486548,0.2932692307692308,0.296974609375,0.0,0.004426382211538462,0.48010294591005775,0.08740748950242185
3,power_law,0.5409229804420468,0.07470911049932878,0.04656033081783532,0.2932692307692308,0.29707436899038464,0.0,0.004451322115384616,0.6856121226636833,0.0679708755410308
4,exponential,0.2937286507688065,0.10606735355085171,0.06016429356145129,0.24519230769230768,0.2486942608173077,0.004807692307692308,0.0089921875,0.5569250386550677,0.07788114532691448
4,gaussian,0.2567589797096552,0.108807986574269,0.06424277468427918,0.24519230769230768,0.2495323016826923,0.004807692307692308,0.008974759615384615,0.48735666561945346,0.08377248202120396
4,power_law,0.35843144608513444,0.10109215932566931,0.054490909898668435,0.24519230769230768,0.24948963341346153,0.004807692307692308,0.00893584735576923,0.6762076960474062,0.06657742385203087
5,exponential,0.3651685419876295,0.08252499167708911,0.05465855470907166,0.25961538461538464,0.2629822716346154,0.0,0.0044517728365384614,0.5192882230923372,0.07785689193995161
5,gaussian,0.3146277894756455,0.0857471146548257,0.05821744139543021,0.25961538461538464,0.26331685697115387,0.0,0.004444711538461539,0.4518898402007211,0.08313590097310036
5,power_law,0.4585594770694207,0.07621345460132305,0.049995433843054354,0.25961538461538464,0.26240384615384615,0.0,0.004438251201923077,0.6249885115066465,0.06876650747874982
6,exponential,0.17098444332159313,0.14492914078423533,0.07590589315431927,0.25,0.25443930288461536,0.014423076923076924,0.017767728365384615,0.5227110884642785,0.08596698602352902
6,gaussian,0.16112515418132767,0.1457883978753216,0.07840566595731582,0.25,0.2545057091346154,0.014423076923076924,0.01785997596153846,0.4778275838373699,0.08991828013138255
6,power_law,0.1950009194955553,0.14281442297709454,0.07246258976887399,0.25,0.25430318509615385,0.014423076923076924,0.017879356971153847,0.6276664178462544,0.07592890427480285
7,exponential,0.3242184837344625,0.11749556008357256,0.06523722804829465,0.27403846153846156,0.2787354266826923,0.009615384615384616,0.013319260817307691,0.5234135512203085,0.08373533464437992
7,gaussian,0.2921905885493109,0.1202476140412149,0.06883608012463821,0.27403846153846156,0.2786379206730769,0.009615384615384616,0.013290114182692308,0.4709070694369356,0.0882274840801965
7,power_law,0.388848616887676,0.11173589212049467,0.05946769769887658,0.27403846153846156,0.27889453125,0.009615384615384616,0.013375901442307693,0.638698815727879,0.07290756741540565
8,exponential,0.2934697163068509,0.11921474288796655,0.06223297425228042,0.28365384615384615,0.2876853966346154,0.009615384615384616,0.013456580528846154,0.5332743065641234,0.08226801680777747
8,gaussian,0.2599050909477487,0.12201361207021039,0.06703083341797098,0.28365384615384615,0.28829537259615384,0.009615384615384616,0.0133359375,0.44829952121570604,0.08944413197359408
8,power_law,0.3319667440019197,0.11592139991408587,0.057017948650660566,0.28365384615384615,0.2878828125,0.009615384615384616,0.01342157451923077,0.6678394020919005,0.06940235862284756
9,exponential,0.40449829001537185,0.09598692857065434,0.05689879031453494,0.2692307692307692,0.27420868389423075,0.004807692307692308,0.008836688701923077,0.5509382494061579,0.07734094212391861
9,gaussian,0.3489144063914681,0.10036669691576384,0.060911665236378296,0.2692307692307692,0.2741996694711539,0.004807692307692308,0.008887319711538461,0.49149522662240697,0.0823007783636227
9,power_law,0.4795134950290685,0.08973778085692705,0.05083640728681952,0.2692307692307692,0.27453365384615386,0.004807692307692308,0.008759465144230769,0.6520048739880495,0.06808367755518914
10,exponential,0.279830861817712,0.12595260880849343,0.06530521920267399,0.25,0.254998046875,0.014423076923076924,0.017906700721153846,0.6428664521708999,0.06292578278900024
10,gaussian,0.2734321412455045,0.12651091742393228,0.06875762033904155,0.25,0.2544619891826923,0.014423076923076924,0.017885516826923076,0.5778865628432145,0.06841130757951393
10,power_law,0.28737776920442604,0.12529091973282905,0.061267868856610716,0.25,0.25515745192307693,0.014423076923076924,0.017879356971153847,0.7164503579651836,0.05606965119846814
11,exponential,0.32426944650639655,0.10598877892367742,0.05996358325399605,0.23557692307692307,0.24085276442307693,0.004807692307692308,0.008900090144230769,0.5290193007763229,0.08212380054839334
11,gaussian,0.293476782131047,0.10837680153944361,0.06319748696668173,0.23557692307692307,0.24076307091346155,0.004807692307692308,0.00904522235576923,0.48481944907002006,0.08589091199006359
11,power_law,0.3781471222897823,0.10167564470693377,0.05612671377745982,0.23557692307692307,0.24073993389423076,0.004807692307692308,0.008919621394230769,0.6206783613189815,0.07370064582814045
12,exponential,0.25393569273635663,0.1167552959071381,0.06376377565342731,0.22115384615384615,0.2253661358173077,0.009615384615384616,0.01353350360576923,0.5603473277626008,0.07067443857722693
12,gaussian,0.255783308259676,0.11661063504029388,0.06588569543256885,0.22115384615384615,0.22586929086538463,0.009615384615384616,0.013429236778846153,0.500982452287962,0.07529487514401406
12,power_law,0.26696256048541767,0.115731487598715,0.060518071090783505,0.22115384615384615,0.2257735877403846,0.009615384615384616,0.013461087740384615,0.6439772234853758,0.06359843077918541
13,exponential,0.42219691008484206,0.08122920658488504,0.05704040773790153,0.2692307692307692,0.2740984074519231,0.0,0.00444561298076923,0.46989462564908,0.08363573928590345
13,gaussian,0.3572394781373337,0.08567357283011982,0.060492409521399275,0.2692307692307692,0.2739385516826923,0.0,0.004413010817307692,0.40285009289362583,0.08876719182287265
13,power_law,0.5753788132265893,0.06963428347590002,0.04879205462936872,0.2692307692307692,0.27454371995192306,0.0,0.004393479567307693,0.6388544185598943,0.06903223737782467
14,exponential,0.3339878481782699,0.10341509197528836,0.05893984015784658,0.27884615384615385,0.282794921875,0.004807692307692308,0.008824519230769231,0.621516060431724,0.0734100402877105
14,gaussian,0.30438403332776753,0.1056884714640066,0.06219629980980387,0.27884615384615385,0.2824962439903846,0.004807692307692308,0.008909855769230769,0.5562691154988699,0.07948616856206796
14,power_law,0.3787719319429116,0.09987766503009005,0.05570335997841809,0.27884615384615385,0.28152599158653846,0.004807692307692308,0.00891796875,0.6957252802545988,0.06582102941102569
15,exponential,0.14119306435468615,0.13813166963639337,0.07164556682661206,0.27403846153846156,0.2782725360576923,0.014423076923076924,0.017780498798076923,0.521857830487388,0.07399785813427501
15,gaussian,0.13534906594287177,0.13860085112581733,0.0743587160061681,0.27403846153846156,0.2784086538461538,0.014423076923076924,0.017794921875,0.48217539792429087,0.07700731220790982
15,power_law,0.16315952088777796,0.1363536693264534,0.06739482080482766,0.27403846153846156,0.27856204927884615,0.014423076923076924,0.017731670673076922,0.5998707282403681,0.0676925364099184
16,exponential,0.2750284494892642,0.11244300889614134,0.060784234263589684,0.3125,0.31505213341346155,0.009615384615384616,0.013291766826923077,0.5394319868923372,0.07167912249366987
16,gaussian,0.24309703021563833,0.11489260620430108,0.06360507167127255,0.3125,0.31533338341346157,0.009615384615384616,0.013383563701923076,0.4849140746368541,0.07580286761260834
16,power_law,0.323277560931605,0.10863687515660828,0.05718411063603234,0.3125,0.31584600360576925,0.009615384615384616,0.013434795673076923,0.6254679636589211,0.06463835265540735
17,exponential,0.2866906338428269,0.10740184650617302,0.058779032854769785,0.28846153846153844,0.2933494591346154,0.004807692307692308,0.009022986778846154,0.48757785361139194,0.08572652215041533
17,gaussian,0.2510421353486427,0.11005289655539682,0.06160501617754848,0.28846153846153844,0.29147115384615385,0.004807692307692308,0.00864453125,0.4398621370960101,0.08962903582160596
17,power_law,0.3784066980319275,0.10025959541965983,0.053208993896046136,0.28846153846153844,0.2934396033653846,0.004807692307692308,0.008814002403846154,0.6161273528526976,0.07419845175817141
18,exponential,0.23887990851833618,0.10605771865373813,0.06181422557888631,0.3125,0.3155114182692308,0.004807692307692308,0.009009765625,0.4779681468750472,0.08153017355286621
18,gaussian,0.2010526671548576,0.10866126672043852,0.06577601849580728,0.3125,0.31559645432692307,0.004807692307692308,0.008853966346153846,0.42668814458909965,0.08544080399128759
18,power_law,0.2736955956468635,0.10360364301295352,0.05853468981861691,0.3125,0.3169689002403846,0.004807692307692308,0.009147986778846155,0.5339600624182905,0.07703381970811643
19,exponential,0.5351541294404201,0.07981231915415177,0.05470114078678224,0.2692307692307692,0.2748589242788462,0.0,0.004460036057692308,0.6004362219475704,0.07962802927403534
19,gaussian,0.4643109797732772,0.08567849207129953,0.060027015674464744,0.2692307692307692,0.2740844350961538,0.0,0.004471003605769231,0.5330474047166645,0.08608139744964456
19,power_law,0.635967429836044,0.07062940747320473,0.04861775506996306,0.2692307692307692,0.2733360877403846,0.0,0.0042794471153846155,0.6870438903276985,0.07047168069580358
20,exponential,0.20296438466805455,0.1317930104602752,0.06715427073865014,0.2548076923076923,0.25953049879807694,0.014423076923076924,0.01788115985576923,0.5588285901530576,0.06917830841573706
20,gaussian,0.18994515440799076,0.132865041168177,0.06970795165780297,0.2548076923076923,0.2595943509615385,0.014423076923076924,0.01782391826923077,0.510622097249406,0.07285987735092687
20,power_law,0.24336660835163393,0.12840923720404096,0.06339759934526132,0.2548076923076923,0.2590850360576923,0.014423076923076924,0.017923828125,0.6615491626605687,0.060591827944810724
21,exponential,0.34097820456050054,0.08792280637308778,0.05942694027100248,0.28846153846153844,0.29157572115384617,0.0,0.004462289663461539,0.45447263266695304,0.08764775938524756
21,gaussian,0.31479299730435495,0.08965252983223598,0.061263515067861984,0.28846153846153844,0.2896059194711538,0.0,0.0042639723557692305,0.41650321833877857,0.09064665435744712
21,power_law,0.4024788972503289,0.08371981821853616,0.056506598752153976,0.28846153846153844,0.2913712439903846,0.0,0.0044203725961538464,0.5330975310845945,0.08108595429117951
22,exponential,0.10304130538999112,0.1672915058452007,0.09048583753563462,0.27884615384615385,0.2804698016826923,0.02403846153846154,0.027114783653846154,0.5207206508234521,0.07894733288572152
22,gaussian,0.08206609768426798,0.1692362421759046,0.09406597277319537,0.27884615384615385,0.2804444110576923,0.02403846153846154,0.026868990384615384,0.45144554665313363,0.08446036944488507
22,power_law,0.14756140127814876,0.16308695408274274,0.08299583417018272,0.27884615384615385,0.27978515625,0.02403846153846154,0.026816556490384617,0.7020133146789618,0.06225031219854826
23,exponential,0.34983249505946457,0.1028955385578138,0.06051093812155978,0.28846153846153844,0.29333713942307693,0.004807692307692308,0.008855318509615384,0.5038045694866327,0.08509298236083236
23,gaussian,0.31443857343437465,0.10565914732688461,0.06414617408388243,0.28846153846153844,0.2933762019230769,0.004807692307692308,0.008757061298076923,0.4525042890741381,0.08938357598381046
23,power_law,0.4517500758399461,0.0944872490319635,0.05235025584067368,0.28846153846153844,0.29715264423076926,0.004807692307692308,0.008320462740384615,0.6550685961555353,0.07094695048653281
24,exponential,0.3649038232615255,0.09875694045355717,0.05385730254984455,0.1971153846153846,0.20328260216346153,0.004807692307692308,0.008923227163461538,0.6173653847832228,0.06931665871697026
24,gaussian,0.31290152202685106,0.10272055822933342,0.05871938564083074,0.1971153846153846,0.2034375,0.004807692307692308,0.008996995192307693,0.5378801047169051,0.07617681757162875
24,power_law,0.4563325982801637,0.09137229313602306,0.04612402173100408,0.1971153846153846,0.20327043269230768,0.004807692307692308,0.008743990384615385,0.7631605526500351,0.05453464766622459
25,exponential,0.22849093557825817,0.17090155878163704,0.09277327971909528,0.30288461538461536,0.3080985576923077,0.028846153846153848,0.030984224759615386,0.5843719592265889,0.08423997574846472
25,gaussian,0.21871913976533297,0.17198045753401786,0.09706271449318445,0.30288461538461536,0.30738521634615384,0.028846153846153848,0.031157752403846155,0.536328384096577,0.08897562936162012
25,power_law,0.23091371283151874,0.17063300588576025,0.0877940305230145,0.30288461538461536,0.30849849759615383,0.028846153846153848,0.031060546875,0.6528178142037437,0.07699181001954705
26,exponential,0.21162629593991245,0.1390627657843551,0.07668645725622979,0.27403846153846156,0.2780770733173077,0.014423076923076924,0.01773347355769231,0.49129329369065045,0.08628534689526153
26,gaussian,0.1819751208558651,0.14165374274358689,0.08022506641216494,0.27403846153846156,0.27680048076923075,0.014423076923076924,0.01805498798076923,0.4397956142586339,0.09054752213846494
26,power_law,0.26212316235723465,0.13453545026231442,0.07164226537082669,0.27403846153846156,0.2781736778846154,0.014423076923076924,0.017872896634615384,0.5849771580347523,0.07793621637259733
27,exponential,0.2147664455138113,0.1285100616809392,0.07276622538783457,0.2548076923076923,0.25898362379807693,0.009615384615384616,0.013423978365384615,0.5026622408157118,0.08652231531760808
27,gaussian,0.18914804881453473,0.1305895695402439,0.07630027830195596,0.2548076923076923,0.258998046875,0.009615384615384616,0.013528395432692308,0.43101259970611516,0.0925451663998358
27,power_law,0.2668631384210448,0.1241738753629562,0.06798708011643305,0.2548076923076923,0.25859510216346154,0.009615384615384616,0.01337244591346154,0.6199003874727208,0.07563993193277355
28,exponential,0.2507246706026771,0.1252705667827621,0.06590248512132804,0.2980769230769231,0.30217412860576925,0.009615384615384616,0.013321664663461538,0.5633583898325633,0.08191172658536128
28,gaussian,0.21489801777174655,0.128230507969889,0.07012773665344377,0.2980769230769231,0.3026311598557692,0.009615384615384616,0.013235877403846154,0.4923078989103289,0.0883250157771869
28,power_law,0.31526803593535624,0.11975361341959743,0.05968111916573547,0.2980769230769231,0.3025069110576923,0.009615384615384616,0.013453125,0.6876583881566263,0.06927849491576615
29,exponential,0.30862554348240956,0.10391464315108932,0.059929662600854486,0.33653846153846156,0.3381592548076923,0.004807692307692308,0.008896484375,0.6255935481241304,0.07320408889923952
29,gaussian,0.26878587958222666,0.10686669297963611,0.0640018507705601,0.33653846153846156,0.33774098557692306,0.004807692307692308,0.008973557692307692,0.5443532805911387,0.08075655826649136
29,power_law,0.38252970929276786,0.09820376057331398,0.0532546006279215,0.33653846153846156,0.3390198317307692,0.004807692307692308,0.008825570913461539,0.7282831121711582,0.06236228125239192
30,exponential,0.4376217311877163,0.08089880909197739,0.0542166711838346,0.25,0.25276908052884617,0.0,0.004640324519230769,0.6022075844065485,0.07330589984101997
30,gaussian,0.37429339569917575,0.08533225699476585,0.05890572276334823,0.25,0.2538194110576923,0.0,0.004490985576923077,0.5175373790966186,0.08073140593360903
30,power_law,0.5409392141336358,0.0730908413496611,0.049979983028491576,0.25,0.2541661658653846,0.0,0.004447265625,0.6721443758557919,0.06655060362391604
31,exponential,0.10511025771215965,0.13907052958293017,0.07003162953487284,0.3125,0.3155740685096154,0.014423076923076924,0.01771349158653846,0.46589499723536565,0.0768495799379254
31,gaussian,0.09363262841364506,0.13995952984549573,0.07242308257496119,0.3125,0.31559390024038464,0.014423076923076924,0.017816856971153847,0.42066183312157535,0.08003763464880455
31,power_law,0.1355141259963687,0.13668765536983002,0.06640599052323243,0.3125,0.31590760216346153,0.014423076923076924,0.017810396634615384,0.5659622229346379,0.06927745745861713
32,exponential,0.42704831278145305,0.07857380962392017,0.05256601913521664,0.3076923076923077,0.3098759014423077,0.0,0.004412109375,0.5538979202135361,0.0762537398143481
32,gaussian,0.36836427846374487,0.08249965843782177,0.05648718545915529,0.3076923076923077,0.30965534855769233,0.0,0.004466045673076923,0.49578880061015473,0.08106815107743165
32,power_law,0.49160068252029776,0.07401526328920022,0.04924740625634125,0.3076923076923077,0.3102804987980769,0.0,0.004468449519230769,0.6160180554032182,0.07074559867118319
33,exponential,0.31655890108588136,0.10188265306766713,0.05753947841854212,0.25,0.25377478966346156,0.004807692307692308,0.008423227163461538,0.5849844996183087,0.07309506092242699
33,gaussian,0.25565542982279554,0.10632532335044327,0.06128471801155366,0.25,0.25415459735576923,0.004807692307692308,0.008914813701923078,0.4870369409634784,0.08126413537776979
33,power_law,0.37500333225548166,0.09742906858500548,0.05215468713866547,0.25,0.2594259314903846,0.004807692307692308,0.008667518028846154,0.7235335885270844,0.059659149998130497
34,exponential,0.28119238844247885,0.08176747611025818,0.0565786193263831,0.2692307692307692,0.2720949519230769,0.0,0.004592848557692307,0.41739431745139555,0.079531817843811
34,gaussian,0.24410561023283806,0.08385033848876414,0.05885179161392778,0.2692307692307692,0.2718329326923077,0.0,0.0045267427884615385,0.37345161267707494,0.08247662086871793
34,power_law,0.3621495068598416,0.077025354700827,0.053596898269562786,0.2692307692307692,0.2724251802884615,0.0,0.0044783653846153845,0.4841226392004985,0.07483879491300814
35,exponential,0.12758386721552628,0.14800346519345345,0.07361673152486548,0.3269230769230769,0.3295280949519231,0.019230769230769232,0.022272235576923077,0.516591971392544,0.0707425098799656
35,gaussian,0.11918686918730403,0.148714025564805,0.0754328020346133,0.3269230769230769,0.3296021634615385,0.019230769230769232,0.02199939903846154,0.48816529309512313,0.07279279587474824
35,power_law,0.1422603793583178,0.1467532660246675,0.0721990642658113,0.3269230769230769,0.32995823317307693,0.019230769230769232,0.02218134014423077,0.5855405271613943,0.06550350962155779
36,exponential,0.31138157835997415,0.10025075074965538,0.05812905258017133,0.27884615384615385,0.2837534555288462,0.004807692307692308,0.008904897836538462,0.5242604148587148,0.07609046415909089
36,gaussian,0.2738300944772344,0.10294788734113168,0.06161298150543793,0.27884615384615385,0.2836796875,0.004807692307692308,0.008867638221153846,0.4572957774151847,0.08126942535519097
36,power_law,0.35838072568440227,0.09676917002380804,0.05399716610726538,0.27884615384615385,0.2845942007211538,0.004807692307692308,0.008930889423076923,0.6094457302660775,0.0689423818684453
37,exponential,0.22593171170370996,0.1425231157703421,0.07211496004582083,0.2932692307692308,0.29974444110576925,0.014423076923076924,0.016905498798076922,0.5595870365422555,0.08657622292496858
37,gaussian,0.18973795132656635,0.1458170873453285,0.0784018927854384,0.2932692307692308,0.2985213341346154,0.014423076923076924,0.017702524038461537,0.4795270309900578,0.09411691375201801
37,power_law,0.29698715180188673,0.13582424552887565,0.06377682319089766,0.2932692307692308,0.29832737379807694,0.014423076923076924,0.01748347355769231,0.7158176920905417,0.06954519134977007
38,exponential,0.22754722702351904,0.12574949675955222,0.06532985632104085,0.2548076923076923,0.25952899639423077,0.009615384615384616,0.013375600961538461,0.46498789770388615,0.08822559415427068
38,gaussian,0.20316714347582998,0.12771852789796717,0.06921957119877856,0.2548076923076923,0.25950961538461537,0.009615384615384616,0.013403846153846153,0.4026294296131048,0.09322549549230753
38,power_law,0.2810156789917623,0.12131932835613891,0.0601598368735505,0.2548076923076923,0.25961538461538464,0.009615384615384616,0.013249549278846154,0.6128299267058073,0.07505224352575746
39,exponential,0.17053744233019374,0.11736279894350327,0.05956724873805671,0.25961538461538464,0.26361283052884615,0.009615384615384616,0.013326322115384615,0.5347994618878604,0.06652315480583293
39,gaussian,0.15634290257681793,0.11836275010574714,0.06184411123806019,0.25961538461538464,0.263640625,0.009615384615384616,0.013447716346153845,0.47379567058864946,0.07075056971992691
39,power_law,0.20538475643743315,0.11487102890509866,0.05612278660393022,0.25961538461538464,0.2635703125,0.009615384615384616,0.013476712740384615,0.6523225329133207,0.057509687195894145
40,exponential,0.4569593577588881,0.07827347166040256,0.053348597930076076,0.25,0.25504957932692307,0.0,0.004461688701923077,0.5236633239153858,0.07875357793002193
40,gaussian,0.4012062063259546,0.08219342436849397,0.05660169070285664,0.25,0.2548131009615385,0.0,0.004409104567307693,0.46914709647163255,0.08313815480636529
40,power_law,0.5485129154755685,0.071370887119695,0.04910976387354334,0.25,0.2552140925480769,0.0,0.004419921875,0.6205164157425733,0.07029262790359944
41,exponential,0.18120594674115187,0.1707320721897483,0.09013999488824752,0.2548076923076923,0.25919110576923077,0.028846153846153848,0.031375450721153844,0.5555455889380267,0.07745486861235193
41,gaussian,0.16754068565692748,0.1721508930568491,0.09378200192067167,0.2548076923076923,0.2599698016826923,0.028846153846153848,0.031123948317307693,0.48788945308858356,0.08314133071258886
41,power_law,0.20829649786928717,0.16788390196855546,0.08455621314453861,0.2548076923076923,0.25991616586538463,0.028846153846153848,0.031225360576923076,0.660055803474699,0.06773902274187692
42,exponential,0.3460892033341928,0.10332587401063255,0.06367225741972075,0.27403846153846156,0.27842578125,0.004807692307692308,0.008980018028846154,0.45139863791245904,0.08955682044743686
42,gaussian,0.2926654171246831,0.10746382130580559,0.06660351651075805,0.27403846153846156,0.27887169471153844,0.004807692307692308,0.008920372596153846,0.39928693622494993,0.0937138464967119
42,power_law,0.41727925718260916,0.09753939835174892,0.05963227392217807,0.27403846153846156,0.27838161057692307,0.004807692307692308,0.009004657451923076,0.5465582358327085,0.0814199787485305
43,exponential,0.23939460303097237,0.11025489327847383,0.06589176000865679,0.28365384615384615,0.28574549278846156,0.004807692307692308,0.008921424278846153,0.5151433625164398,0.08345313623194292
43,gaussian,0.21099186337932374,0.11229461042424557,0.06889770396431937,0.28365384615384615,0.2856011117788462,0.004807692307692308,0.00889618389423077,0.4557775982891633,0.08841464287863246
43,power_law,0.3073441012235526,0.10521482578666513,0.060386079663909756,0.28365384615384615,0.28633052884615384,0.004807692307692308,0.008728515625,0.631413619895861,0.0727621681212379
44,exponential,0.3507734754755162,0.10306578987897262,0.05918499690886537,0.27884615384615385,0.2836015625,0.004807692307692308,0.008842998798076923,0.5643903737829734,0.07897338349938607
44,gaussian,0.30955069404314284,0.10628752818091498,0.06281007181423683,0.27884615384615385,0.2841362680288462,0.004807692307692308,0.008905649038461538,0.5097137934461464,0.08378318164469914
44,power_law,0.4419742556286227,0.09555282386837219,0.0521849003824343,0.27884615384615385,0.28361388221153844,0.004807692307692308,0.008899639423076923,0.6974320805398545,0.06581781345469324
45,exponential,0.2824680763048556,0.10653345481309169,0.06006562597982252,0.2980769230769231,0.30143149038461536,0.004807692307692308,0.008954326923076922,0.5258522917594224,0.08181847681584768
45,gaussian,0.2604345970621328,0.10815676537222313,0.06272223609608657,0.2980769230769231,0.30215685096153844,0.004807692307692308,0.008919170673076923,0.4648649749651592,0.08692130753434606
45,power_law,0.32310084791328253,0.10347308133499893,0.057677041450761704,0.2980769230769231,0.3017429387019231,0.004807692307692308,0.008904447115384616,0.5903772764107248,0.07604778737529322
46,exponential,0.43668977935689146,0.08269923611688365,0.053639886513516734,0.33653846153846156,0.3401579026442308,0.0,0.004366286057692308,0.5255023013268652,0.08444895432264878
46,gaussian,0.392773957526818,0.085862371032347,0.05654781605733639,0.33653846153846156,0.3398916766826923,0.0,0.004415715144230769,0.4757414962902945,0.08876667713973069
46,power_law,0.5379118317762278,0.07490142957585062,0.04980600022525775,0.33653846153846156,0.34055694110576923,0.0,0.004419320913461538,0.6100348862193583,0.07655791541041802
47,exponential,0.20153560892062272,0.12300451828057476,0.06574668619791878,0.27884615384615385,0.28340369591346154,0.009615384615384616,0.013411207932692308,0.5309439419658092,0.07682445207342624
47,gaussian,0.17648885834288852,0.12491886447063487,0.06935564625825869,0.27884615384615385,0.2830295973557692,0.009615384615384616,0.013356370192307692,0.47733504376319436,0.08109587946086257
47,power_law,0.23850876332393434,0.12012288192598622,0.06106516496255305,0.27884615384615385,0.28286853966346154,0.009615384615384616,0.013346153846153846,0.6319416526253827,0.06805271129291514
48,exponential,0.21870392102151048,0.12098232008092753,0.06346402642328641,0.23076923076923078,0.23685021033653847,0.009615384615384616,0.013382662259615385,0.5096296474119693,0.07567460255085207
48,gaussian,0.1914661508648694,0.12307311406295868,0.06628964557231296,0.23076923076923078,0.2366182391826923,0.009615384615384616,0.01330859375,0.45919147354520196,0.07947120737825454
48,power_law,0.27689821903798295,0.11638949984966396,0.057356095227734875,0.23076923076923078,0.23761298076923076,0.009615384615384616,0.013145883413461538,0.609314000158331,0.06754636312277712
49,exponential,0.19179006388548403,0.13372721784279992,0.07395966253071284,0.2932692307692308,0.29741887019230767,0.009615384615384616,0.0132578125,0.4393178073077003,0.09706816347851714
49,gaussian,0.16329411237720692,0.1360642803944425,0.07726724313467634,0.2932692307692308,0.297453125,0.009615384615384616,0.013240835336538461,0.39459986134220326,0.10086481339307218
49,power_law,0.25524778661377845,0.12837002268604839,0.06803260778509587,0.2932692307692308,0.2967638221153846,0.009615384615384616,0.013394080528846154,0.6051783177856946,0.08145522143239319
50,exponential,0.3318923553305113,0.10045830704850346,0.0631979977266267,0.2692307692307692,0.2730464242788462,0.004807692307692308,0.008894981971153846,0.5363632827042082,0.07688884427445332
50,gaussian,0.29728183035671896,0.10302751525280557,0.0664060125654817,0.2692307692307692,0.27312545072115385,0.004807692307692308,0.008964242788461538,0.47843217698666507,0.08155109885003371
50,power_law,0.40301792254690394,0.09496056303953379,0.05872950121506364,0.2692307692307692,0.27326532451923075,0.004807692307692308,0.008941556490384615,0.6078631545308129,0.07071202058783745
51,exponential,0.2563623004609965,0.10498240514808614,0.06587291239812042,0.28846153846153844,0.29167728365384615,0.004807692307692308,0.008825420673076923,0.46368593791560964,0.08176189494031082
51,gaussian,0.22613130227522615,0.10709506505611997,0.06908534388806219,0.28846153846153844,0.2921221454326923,0.004807692307692308,0.008937950721153847,0.41886570379630783,0.08510980772446677
51,power_law,0.3297861262678953,0.0996649666409246,0.05938818274724962,0.28846153846153844,0.29208233173076925,0.004807692307692308,0.008842848557692308,0.5803957651672788,0.07232047791919728
52,exponential,0.5215493091009019,0.07714120222040313,0.05294464871213155,0.27403846153846156,0.27945087139423075,0.0,0.0044595853365384614,0.5781583338788803,0.0774416724042872
52,gaussian,0.46801904560054075,0.08134218834508229,0.0565394714790642,0.27403846153846156,0.2795713641826923,0.0,0.004411207932692307,0.5239917361217911,0.08226350938633492
52,power_law,0.6170261187996424,0.0690164136450401,0.048732848029923254,0.27403846153846156,0.2798928786057692,0.0,0.0044750600961538465,0.6567877015033337,0.06985241207424937
53,exponential,0.26782535685073716,0.07922380674123349,0.053349657868277195,0.3125,0.314376953125,0.0,0.0043170072115384615,0.44317202323702154,0.07654724130545133
53,gaussian,0.2382493961043265,0.0808080762901579,0.055113757630163414,0.3125,0.3142481971153846,0.0,0.004452223557692308,0.37911852291394876,0.08083014759467237
53,power_law,0.3247627494193984,0.07608106107922082,0.05087224369838516,0.3125,0.31319771634615384,0.0,0.004469200721153846,0.571912829517407,0.0671174002840194
54,exponential,0.30938138128778925,0.092501968476846,0.052434447775057964,0.2692307692307692,0.2731518930288461,0.004807692307692308,0.008856670673076923,0.5881973800872438,0.06244319942719997
54,gaussian,0.27980567977554094,0.09446190061652157,0.05543393261805218,0.2692307692307692,0.27342878605769233,0.004807692307692308,0.009016676682692308,0.5189774145881925,0.06748749814677854
54,power_law,0.3476526538806556,0.08990239955376772,0.04865864562922866,0.2692307692307692,0.2735021033653846,0.004807692307692308,0.008928185096153847,0.6774872965122806,0.05526039785066386
55,exponential,0.35448477154281854,0.10527215356590848,0.0592077511894962,0.25,0.25352193509615384,0.004807692307692308,0.00883623798076923,0.5640860569283315,0.08184616492609127
55,gaussian,0.32333239633328426,0.10778242575386182,0.06208554955636794,0.25,0.25352298677884616,0.004807692307692308,0.008986778846153846,0.5020144169391714,0.08747950947260469
55,power_law,0.3833778236055073,0.10288920965906612,0.05585881337245225,0.25,0.25346033653846156,0.004807692307692308,0.008955228365384616,0.6837390865289243,0.06971411438777478
56,exponential,0.2904552365513997,0.10556279538719489,0.06159294239946088,0.2692307692307692,0.2733446514423077,0.004807692307692308,0.008880258413461538,0.4809633564705652,0.08395134764770197
56,gaussian,0.24541397595232928,0.10886176244448094,0.06533332308206335,0.2692307692307692,0.2744014423076923,0.004807692307692308,0.008916165865384615,0.41863274961539987,0.08884928637844497
56,power_law,0.3729785394845062,0.09923438561196407,0.05582417244419129,0.2692307692307692,0.274029296875,0.004807692307692308,0.008870492788461538,0.6292282784073009,0.07095483002572005
57,exponential,0.3294839793374542,0.09203668859699213,0.05667891042156164,0.25,0.2551801382211539,0.004807692307692308,0.008930438701923078,0.5105168530725865,0.06829658357571666
57,gaussian,0.2786542649198942,0.09546147477607914,0.05908090023142094,0.25,0.2548369891826923,0.004807692307692308,0.008913912259615384,0.45036360445306234,0.07237154582403435
57,power_law,0.41419275457611016,0.08602680123771346,0.052958412774082,0.25,0.2550871394230769,0.004807692307692308,0.008916917067307692,0.5968214504456402,0.061983888339241205
58,exponential,0.2670610778015873,0.10444286088031292,0.06130782529289259,0.2692307692307692,0.2733700420673077,0.004807692307692308,0.008933743990384616,0.5113675892757612,0.07791491764452176
58,gaussian,0.2368298810560443,0.10657505015244853,0.06414680789010498,0.2692307692307692,0.2736756310096154,0.004807692307692308,0.008881911057692309,0.4530051092416556,0.08243679822376979
58,power_law,0.3547013538879632,0.09799981227883968,0.055682049590415936,0.2692307692307692,0.2740975060096154,0.004807692307692308,0.00884795673076923,0.6341601557350143,0.0674178630684289
59,exponential,0.39142023757066924,0.08284796646046326,0.055654284359317616,0.27884615384615385,0.28354627403846155,0.0,0.004438701923076923,0.4642396228413732,0.08514100910305619
59,gaussian,0.3386709845722542,0.08636382894174226,0.058731468729307595,0.27884615384615385,0.28340775240384614,0.0,0.004467998798076923,0.41328970644810303,0.08909746573363489
59,power_law,0.48535521104087254,0.07618630124702869,0.05143623150310264,0.27884615384615385,0.2834710036057692,0.0,0.004428635817307692,0.5651806379843549,0.07670222011405457
60,exponential,0.43034177192675205,0.07357897280453184,0.05130671341654206,0.21634615384615385,0.22138431490384616,0.0,0.004449068509615384,0.5008927346530789,0.07263386890749139
60,gaussian,0.3859506889252525,0.07639204875144032,0.05393073028898768,0.21634615384615385,0.22178515625,0.0,0.004494741586538462,0.4469640987898442,0.07645728893990701
60,power_law,0.5805626607021406,0.06313643824827223,0.04458330491510568,0.21634615384615385,0.22263746995192307,0.0,0.004466346153846154,0.6489039226644742,0.06091934435633883
61,exponential,0.12011444477172561,0.1525441195481657,0.07675879869572766,0.2692307692307692,0.273072265625,0.019230769230769232,0.02230889423076923,0.5514719952609062,0.07283207179298391
61,gaussian,0.10624897182973492,0.15374133707219514,0.07961898752847964,0.2692307692307692,0.27351397235576924,0.019230769230769232,0.022156099759615383,0.48701332916821505,0.07788985985034765
61,power_law,0.1479842379240034,0.15010881313761504,0.07260730735466844,0.2692307692307692,0.27316256009615386,0.019230769230769232,0.022239633413461538,0.6689008880009523,0.06257586908196727
62,exponential,0.3191234779057792,0.11394528836853268,0.06640063380126388,0.3076923076923077,0.3120048076923077,0.004807692307692308,0.009143479567307692,0.502945358949401,0.09429654681631182
62,gaussian,0.2797485001433171,0.11719370325290925,0.0707015369732774,0.3076923076923077,0.31187635216346155,0.004807692307692308,0.008794170673076923,0.44190623630349435,0.0999188224401017
62,power_law,0.4108728891743276,0.10599044039715481,0.05927413242485247,0.3076923076923077,0.31294591346153844,0.004807692307692308,0.008863882211538462,0.6350614767294007,0.0807985519487194
63,exponential,0.17738343750787355,0.14276253742447376,0.07114676758530716,0.2692307692307692,0.2738583233173077,0.014423076923076924,0.01777373798076923,0.5666978667163277,0.08060284113374927
63,gaussian,0.14528204262878208,0.14552142805341073,0.07496092405897926,0.2692307692307692,0.27380874399038463,0.014423076923076924,0.01772265625,0.4875532086020783,0.08765553117570449
63,power_law,0.24412850214489235,0.13684833519604203,0.06532995961625432,0.2692307692307692,0.2743051382211538,0.014423076923076924,0.017798978365384615,0.7016585672534953,0.06688238049755314
64,exponential,0.23927197605642836,0.15054551252460993,0.07966991324207183,0.21634615384615385,0.2216502403846154,0.019230769230769232,0.022751802884615386,0.6386614598031828,0.07545279262789853
64,gaussian,0.2091366177767343,0.1534983957087441,0.08406666937183357,0.21634615384615385,0.22166902043269232,0.019230769230769232,0.022232421875,0.5624863105692739,0.08302597772986806
64,power_law,0.28337905900835436,0.14611602682042796,0.0733838553901531,0.21634615384615385,0.2218907752403846,0.019230769230769232,0.022350811298076922,0.7210788076436044,0.06629166576780836
65,exponential,0.318441930115579,0.11362129411946693,0.06625753538332496,0.28846153846153844,0.29168118990384617,0.004807692307692308,0.00900811298076923,0.5529600961740644,0.08956666159433883
65,gaussian,0.26150538082385666,0.118272007102848,0.07209701147585999,0.28846153846153844,0.29199579326923075,0.004807692307692308,0.00889122596153846,0.452010034840032,0.09916525762261416
65,power_law,0.41094136590090335,0.10563006871544298,0.057712153095539925,0.28846153846153844,0.2916649639423077,0.004807692307692308,0.008974759615384615,0.6867478355649179,0.07497565730124514
66,exponential,0.3171583348552699,0.10537783110890549,0.06409098965650464,0.25961538461538464,0.26342127403846155,0.004807692307692308,0.008852313701923077,0.5210705739453554,0.08263303565930692
66,gaussian,0.2827179991402383,0.10800260129214578,0.067670151738354,0.25961538461538464,0.2640392127403846,0.004807692307692308,0.008929387019230768,0.4502751603474031,0.088530033275611
66,power_law,0.3753641956132474,0.10078657491214409,0.058881572516397244,0.25961538461538464,0.2625217848557692,0.004807692307692308,0.008604116586538462,0.6379475635699801,0.07184618033230407
67,exponential,0.3530347832637477,0.10556082896987795,0.06144351840507229,0.28846153846153844,0.29333052884615385,0.004807692307692308,0.008845853365384616,0.5807231014691006,0.08030434655861643
67,gaussian,0.31023072977399435,0.1089969253367428,0.06601122799979045,0.28846153846153844,0.2932234074519231,0.004807692307692308,0.008901442307692308,0.5124648167214353,0.08659475077724324
67,power_law,0.417689831030979,0.10014736183588428,0.0565060399708568,0.28846153846153844,0.29394486177884616,0.004807692307692308,0.008898888221153846,0.6761247864582798,0.0705793154252987
68,exponential,0.40031596300707584,0.09900527471820532,0.06075422244307596,0.21634615384615385,0.2211649639423077,0.004807692307692308,0.008882211538461538,0.5411025632332072,0.07968051772816259
68,gaussian,0.3299230693239137,0.10465486507229388,0.06465304972070637,0.21634615384615385,0.2216271033653846,0.004807692307692308,0.008918269230769231,0.47680429008590475,0.08507979179472847
68,power_law,0.5083385443595991,0.08964584603551089,0.05150676705760655,0.21634615384615385,0.222150390625,0.004807692307692308,0.008945162259615384,0.686784924756525,0.06582875776252807
69,exponential,0.532110934413156,0.0689364336419627,0.04531739636244725,0.2692307692307692,0.2738387920673077,0.0,0.0044532752403846155,0.6616557206337979,0.06247625810195504
69,gaussian,0.4891842549212272,0.07202935096199606,0.04838276190721864,0.2692307692307692,0.2738455528846154,0.0,0.0044752103365384615,0.5930505518991553,0.06851818074943904
69,power_law,0.5857791488685746,0.06486244899867492,0.043354823882149715,0.2692307692307692,0.2739077524038461,0.0,0.004428034855769231,0.70120149536046,0.05871171969566089
70,exponential,0.2220857918424659,0.13719075220206498,0.0716118957145392,0.28365384615384615,0.28711012620192305,0.014423076923076924,0.01784540264423077,0.5894300846360097,0.07693667429248942
70,gaussian,0.21092338954200918,0.13817153126718248,0.07499310702039347,0.28365384615384615,0.2869884314903846,0.014423076923076924,0.017796724759615384,0.5267549064003262,0.082600544045113
70,power_law,0.24339682844359312,0.1352985256691918,0.06620155435428893,0.28365384615384615,0.28694576322115384,0.014423076923076924,0.017889122596153845,0.7129277907221188,0.06433323990052797
71,exponential,0.17435231259023254,0.13841307037749168,0.0723524543472858,0.2403846153846154,0.24534810697115383,0.014423076923076924,0.018011568509615383,0.46811453475948683,0.08218508685942537
71,gaussian,0.16051450143175017,0.1395681485604157,0.0754356604170191,0.2403846153846154,0.24471484375,0.014423076923076924,0.017903846153846152,0.41655204847807115,0.08607658270268659
71,power_law,0.23809810025516576,0.13296252270435752,0.06559658165300154,0.2403846153846154,0.2451416766826923,0.014423076923076924,0.017857572115384614,0.6172218937193906,0.06972001982916821
72,exponential,0.21189561562195414,0.139431876905847,0.07292104533389109,0.28846153846153844,0.29241571514423076,0.014423076923076924,0.017874549278846154,0.6081844936862675,0.07634868695374021
72,gaussian,0.18973202979459813,0.14137888021125158,0.07785811047805469,0.28846153846153844,0.29275646033653846,0.014423076923076924,0.018280048076923076,0.5324917776819975,0.08339795269827921
72,power_law,0.2408218277351133,0.13684913546364413,0.06802032814856636,0.28846153846153844,0.29257091346153846,0.014423076923076924,0.017537560096153846,0.6881345901162778,0.06811525187159341
73,exponential,0.31065186866417915,0.13088540934611448,0.06588477182308297,0.2403846153846154,0.24625420673076923,0.014423076923076924,0.017848407451923076,0.6668861962160897,0.07011696067679213
73,gaussian,0.2859177550063394,0.13321282910087232,0.07123364786537419,0.2403846153846154,0.24730333533653845,0.014423076923076924,0.017656400240384614,0.5779380889766533,0.07892504685398852
73,power_law,0.3278362743239628,0.1292437260196778,0.06189817818844097,0.2403846153846154,0.2466150841346154,0.014423076923076924,0.017715895432692308,0.7428440448176292,0.06160629071617534
74,exponential,0.19246796580487469,0.1246900190779351,0.0658473663336838,0.2692307692307692,0.2730235877403846,0.009615384615384616,0.013369591346153847,0.5209838838416037,0.079026206231616
74,gaussian,0.1696510745805735,0.126439312466062,0.06902849063367257,0.2692307692307692,0.27333052884615383,0.009615384615384616,0.013436298076923077,0.4577086784468606,0.08408381307637809
74,power_law,0.2368865558751403,0.12121220845629167,0.061596387692215634,0.2692307692307692,0.27309134615384617,0.009615384615384616,0.013309645432692307,0.64141912704308,0.06837378641306373
75,exponential,0.2844646104885835,0.11612128561415944,0.06411105263631203,0.22596153846153846,0.2310949519230769,0.009615384615384616,0.013340294471153846,0.4765461063475377,0.07982336834879389
75,gaussian,0.25287229303147385,0.11865709112711459,0.06707306931268751,0.22596153846153846,0.23110591947115386,0.009615384615384616,0.013428185096153846,0.41872301316564453,0.08411673309561261
75,power_law,0.3416480659739274,0.11138464732730846,0.05980343119061282,0.22596153846153846,0.2311717247596154,0.009615384615384616,0.013671424278846154,0.5881500401995743,0.07080441626217367
76,exponential,0.3530939092114911,0.08895694021046248,0.059122644253119874,0.3317307692307692,0.33297881610576924,0.0,0.004475360576923077,0.5021344486301536,0.08794366032532967
76,gaussian,0.2852779054789145,0.09350348980272705,0.06288507882108064,0.3317307692307692,0.3322001201923077,0.0,0.004415865384615384,0.4415794521168802,0.09313849029600577
76,power_law,0.5116372552122195,0.07729127638539993,0.050603355531305155,0.3317307692307692,0.3349397536057692,0.0,0.004391526442307692,0.646683313817823,0.0740850491097115
77,exponential,0.2576688262227862,0.11209787303923863,0.06836194130892762,0.28846153846153844,0.29062469951923076,0.004807692307692308,0.008965444711538461,0.49484545754346854,0.08809815527047865
77,gaussian,0.2235118862102311,0.11464785372866187,0.0716667430783833,0.28846153846153844,0.29089017427884617,0.004807692307692308,0.008887469951923077,0.4382572422178761,0.09290164933044136
77,power_law,0.3206087113672428,0.10724042089411492,0.06318741543722375,0.28846153846153844,0.29132662259615383,0.004807692307692308,0.008899038461538462,0.6119931683286983,0.07721014525009504
78,exponential,0.44123607915621976,0.07641907291094141,0.05135134119352509,0.21634615384615385,0.221369140625,0.0,0.004553786057692307,0.5396536243409651,0.07351576906880936
78,gaussian,0.39387828108169365,0.07959165029909726,0.05465354079039931,0.21634615384615385,0.2265165264423077,0.0,0.0050354567307692305,0.47727576835230456,0.07833835671095774
78,power_law,0.5327889121675129,0.06987859382710009,0.04556351995746935,0.21634615384615385,0.2215498798076923,0.0,0.004471304086538462,0.6575001694706427,0.06341154302200894
79,exponential,0.18847141945879464,0.14746101013676569,0.07431536021167388,0.2980769230769231,0.3037815504807692,0.019230769230769232,0.022169771634615386,0.5366128002797395,0.07594234435840944
79,gaussian,0.17094640986418186,0.14904472051447587,0.07900137297485929,0.2980769230769231,0.30334705528846156,0.019230769230769232,0.02219561298076923,0.4699226973261855,0.08122347902957969
79,power_law,0.21701307329794828,0.1448446805414219,0.06942530503546558,0.2980769230769231,0.3042761418269231,0.019230769230769232,0.022091646634615384,0.6192588773716217,0.06883778322531213
80,exponential,0.17003809044716445,0.15011556618978492,0.071649673937363,0.21634615384615385,0.2215096153846154,0.019230769230769232,0.022312349759615383,0.6592356363690247,0.06502639151403117
80,gaussian,0.14221034467146465,0.15261142593972635,0.07733100764421014,0.21634615384615385,0.22147205528846153,0.019230769230769232,0.02228786057692308,0.5745728124717657,0.072656619809392
80,power_law,0.1952510967267681,0.14781783759126868,0.06488040955700555,0.21634615384615385,0.22117578125,0.019230769230769232,0.022411808894230768,0.8024820748291774,0.04950691069031023
81,exponential,0.13466251490265735,0.1373395902123503,0.06653030458106188,0.28365384615384615,0.28887064302884613,0.014423076923076924,0.01798497596153846,0.5177734036163218,0.0728951124852327
81,gaussian,0.12694826216622523,0.13795040481716164,0.06783134277668805,0.28365384615384615,0.2886574519230769,0.014423076923076924,0.017724759615384614,0.4776634225607197,0.07586615085381654
81,power_law,0.15591835595396775,0.13564232230663484,0.06464565801955116,0.28365384615384615,0.2881081730769231,0.014423076923076924,0.01771619591346154,0.5771512461154515,0.0682598545074121
82,exponential,0.2779466004747033,0.10871166818351645,0.06124949278740453,0.27403846153846156,0.27762545072115385,0.004807692307692308,0.008775991586538462,0.544307779084674,0.08101934530757153
82,gaussian,0.24625384381912085,0.1110718631081826,0.06490888230457961,0.27403846153846156,0.2779872295673077,0.004807692307692308,0.008926231971153846,0.47755168283671934,0.08675101990425152
82,power_law,0.33722211694070603,0.10415389250367073,0.05739144298705587,0.27403846153846156,0.2772899639423077,0.004807692307692308,0.008928635817307693,0.6366597412861665,0.07234519350169974
83,exponential,0.19138067154251737,0.11529176166297671,0.06139795518332489,0.3173076923076923,0.3205597956730769,0.009615384615384616,0.013363731971153847,0.46774080105162263,0.07229755988489774
83,gaussian,0.16442534781891605,0.11719763412758341,0.06362415494262005,0.3173076923076923,0.32080213341346153,0.009615384615384616,0.01337109375,0.4152606621437115,0.07577801198110953
83,power_law,0.24220059109540426,0.11161006146991295,0.05854717753026621,0.3173076923076923,0.3202403846153846,0.009615384615384616,0.013301532451923077,0.5593689901534962,0.06578086507929029
84,exponential,0.4248775249233039,0.07733462173578258,0.05308957066154237,0.28365384615384615,0.2866843449519231,0.0,0.004469951923076923,0.5272037573487138,0.07639904765147858
84,gaussian,0.35988758578839186,0.08158717970584595,0.056691051034310075,0.28365384615384615,0.2876847956730769,0.0,0.0037181490384615387,0.4630041064907351,0.08142099755533481
84,power_law,0.4873629101282979,0.07301276712274274,0.04965901661881412,0.28365384615384615,0.28713356370192306,0.0,0.00447265625,0.5986772943866405,0.07038786662176076
85,exponential,0.3123901762080111,0.10448819182024541,0.062428813555269115,0.2692307692307692,0.27237935697115384,0.004807692307692308,0.008857421875,0.5473069185497546,0.07901564363315225
85,gaussian,0.2821015114083717,0.10676470314197017,0.06559230027860533,0.2692307692307692,0.2727490985576923,0.004807692307692308,0.008972355769230769,0.4753364050545821,0.08506513954986192
85,power_law,0.3681184869541019,0.10016454026546488,0.05782441710177501,0.2692307692307692,0.2724923377403846,0.004807692307692308,0.009127704326923078,0.6603672552066666,0.06844093452033471
86,exponential,0.4098109015317297,0.08076669728162256,0.05422234932312304,0.3076923076923077,0.3112004206730769,0.0,0.004442758413461538,0.473294561438812,0.08394372472827262
86,gaussian,0.36664893125458187,0.08366792265664058,0.05712382055086317,0.3076923076923077,0.3115896935096154,0.0,0.004502854567307693,0.4178549317176343,0.0882510630807724
86,power_law,0.5231897367913982,0.07259547142707722,0.04933135306393917,0.3076923076923077,0.31120282451923076,0.0,0.004400841346153846,0.620758468238164,0.07122989109533388
87,exponential,0.1498290428551199,0.12499536246016549,0.06827487193720926,0.34134615384615385,0.34406805889423075,0.009615384615384616,0.013180588942307692,0.41029736514818427,0.08577334523045337
87,gaussian,0.12671273309695885,0.12668328946694038,0.07109612312629851,0.34134615384615385,0.3443200120192308,0.009615384615384616,0.01324969951923077,0.3643499138556787,0.08905224433250976
87,power_law,0.19146675110450384,0.12189607163154981,0.06361500919278681,0.34134615384615385,0.34478590745192306,0.009615384615384616,0.013216346153846153,0.5154559040029332,0.07775037049982016
88,exponential,0.2681266955019659,0.12062138170820726,0.06627287460867626,0.2548076923076923,0.25761793870192307,0.009615384615384616,0.013440805288461538,0.5840589630607361,0.07549082896247544
88,gaussian,0.2375897715695462,0.12311208964667962,0.06934475377613794,0.2548076923076923,0.25791271033653845,0.009615384615384616,0.01338446514423077,0.5173366499312984,0.08132058061071389
88,power_law,0.3105713975013391,0.11707144919125086,0.06402204282932268,0.2548076923076923,0.25793810096153846,0.009615384615384616,0.013469801682692307,0.6674450834234255,0.06750096720129951
89,exponential,0.3052579559707933,0.0998810837310473,0.05617308261278358,0.25961538461538464,0.2645420673076923,0.004807692307692308,0.008939753605769232,0.5714538882533979,0.07084848244313141
89,gaussian,0.2672269288467781,0.10257846722269581,0.059659835915068335,0.25961538461538464,0.26442728365384616,0.004807692307692308,0.008917818509615384,0.5065008981199909,0.0760282433267468
89,power_law,0.3383974787925521,0.09746979005698088,0.05321144086423275,0.25961538461538464,0.26450165264423076,0.004807692307692308,0.008919320913461539,0.6219062756629883,0.06654746356681956
90,exponential,0.4297629135771316,0.08383353898913248,0.05555651438467288,0.28846153846153844,0.2911168870192308,0.0,0.004420222355769231,0.5784292178508013,0.07899098431627755
90,gaussian,0.3716310270808105,0.08800299179003297,0.05936611003803823,0.28846153846153844,0.29162094350961537,0.0,0.004393179086538462,0.5061975759846347,0.08549070187374785
90,power_law,0.5235634763016277,0.07662890049031211,0.05021784318381906,0.28846153846153844,0.2919370492788462,0.0,0.004516225961538461,0.6515664195801976,0.07181286868691382
91,exponential,0.33785912848325006,0.08147794460636788,0.05504326034044031,0.30288461538461536,0.30625450721153846,0.0,0.004483774038461538,0.4356211360789567,0.08249339733239347
91,gaussian,0.2941395818200717,0.0841248458199107,0.05755187228452534,0.30288461538461536,0.30590685096153847,0.0,0.004401893028846154,0.3831662755701385,0.08624181226479366
91,power_law,0.42748373701414366,0.07576328217127046,0.05176594119703051,0.30288461538461536,0.30570958533653847,0.0,0.00443359375,0.5464282591639575,0.07395317317021455
92,exponential,0.2696161200946885,0.11844199060565289,0.06170016587146503,0.2980769230769231,0.3087490985576923,0.009615384615384616,0.013379056490384615,0.5173102469920431,0.07942480875938633
92,gaussian,0.23670157941746173,0.1210813598821717,0.0647050972167811,0.2980769230769231,0.3033426983173077,0.009615384615384616,0.013236027644230769,0.4671676417675442,0.08344828847102967
92,power_law,0.3157125058969147,0.11464349292805875,0.05800394700510158,0.2980769230769231,0.30304837740384616,0.009615384615384616,0.013344951923076923,0.6115860459763249,0.07124748688372615
93,exponential,0.11183702957252795,0.14129822860022634,0.07332658379133265,0.2980769230769231,0.2996783353365385,0.014423076923076924,0.017842247596153847,0.5893693141874687,0.07072076690778575
93,gaussian,0.09698453408834107,0.14247477517508653,0.07605458801532222,0.2980769230769231,0.2997835036057692,0.014423076923076924,0.017921123798076925,0.5301224710949819,0.07565081296652688
93,power_law,0.14253119634445488,0.13883518724600216,0.0704077829116924,0.2980769230769231,0.30013131009615385,0.014423076923076924,0.01781865985576923,0.6662392566120445,0.06375861704140856
94,exponential,0.46630843639873143,0.07860699975601372,0.05414937475176504,0.23076923076923078,0.2360838341346154,0.0,0.004510667067307693,0.524885277115118,0.07875018630201247
94,gaussian,0.4159257936116162,0.08223374436535238,0.05682406093378754,0.23076923076923078,0.23595522836538463,0.0,0.004459284855769231,0.46299996855910786,0.08372198201292366
94,power_law,0.5230814992058636,0.07430843876414957,0.0516419952048557,0.23076923076923078,0.236337890625,0.0,0.004475510817307692,0.5757474084048277,0.07441570449215373
95,exponential,0.22644645678285213,0.11761404086671585,0.06877382543301412,0.27403846153846156,0.27849338942307694,0.009615384615384616,0.013324819711538462,0.46687244590165666,0.07694982157932713
95,gaussian,0.20144042631436132,0.11949992748932318,0.07123679485315353,0.27403846153846156,0.2786930588942308,0.009615384615384616,0.013333533653846154,0.42033136835851637,0.08023834315813859
95,power_law,0.2534135696821487,0.11554576371873157,0.06586209353080409,0.27403846153846156,0.2787110877403846,0.009615384615384616,0.013369140625,0.528512768336429,0.07236474243498703
96,exponential,0.4412816289973749,0.0860238596878557,0.05763918899737233,0.2548076923076923,0.2599603365384615,0.0,0.004700120192307693,0.4851704410820321,0.08886062498814416
96,gaussian,0.38976183400079456,0.08990257515353348,0.06131445514873375,0.2548076923076923,0.2598036358173077,0.0,0.004410606971153846,0.42787145220410894,0.0936751583166049
96,power_law,0.5374524413885644,0.07827095724226812,0.05234386768833278,0.2548076923076923,0.26002599158653844,0.0,0.004379807692307692,0.6080189963272071,0.07753720409580121
97,exponential,0.31287462034081925,0.10387842104253414,0.05880992122862082,0.2692307692307692,0.2748369891826923,0.004807692307692308,0.008919020432692307,0.5108961483559677,0.0808902237231822
97,gaussian,0.27083779772326677,0.10700878147745958,0.06226860182207202,0.2692307692307692,0.27471063701923076,0.004807692307692308,0.008892427884615384,0.4518256021601115,0.08563570338738953
97,power_law,0.41956658178179007,0.09547365505502595,0.051531804348668345,0.2692307692307692,0.2750306490384615,0.004807692307692308,0.008928034855769231,0.6638658467827544,0.06705818829281862
98,exponential,0.23158911053034503,0.11355667658500333,0.059417902325424134,0.3269230769230769,0.3306024639423077,0.009615384615384616,0.013269681490384615,0.552081284571253,0.0673051368550077
98,gaussian,0.20616586877020127,0.11541992882230398,0.06252170035140156,0.3269230769230769,0.3307333233173077,0.009615384615384616,0.013213792067307693,0.4828645396275367,0.07231872595226976
98,power_law,0.2691278780059675,0.11074818478857879,0.055781062975032776,0.3269230769230769,0.3326260516826923,0.009615384615384616,0.012936147836538462,0.6441149173541766,0.05999340331649493
99,exponential,0.4752822319709611,0.0740432430379447,0.05096158355548904,0.1875,0.19360982572115384,0.0,0.004492037259615385,0.5750343805614112,0.06969137575346096
99,gaussian,0.4415428629735515,0.076386650996067,0.05343590070553889,0.1875,0.19330003004807692,0.0,0.0044954927884615385,0.5271682200895274,0.07351153122344939
99,power_law,0.5785484025759222,0.06635847534926746,0.04584230789539859,0.1875,0.19352298677884616,0.0,0.004484375,0.6891871906245293,0.05960073207418537
