,Simulation,Model,rank_loo,elpd_loo,p_loo,se_d_loo,delta_elpd,AIC,BIC,Predictive Equivalent
0,0,exponential,2,665.2587418505262,26.826673707133182,6.290384982527603,-47.18222845164382,52.70134016992945,185.54417932031794,False
1,0,gaussian,1,667.7681867277241,7.947610155196003,9.439885524517416,-44.67278357444593,14.552944995512508,53.59821628247484,False
2,0,power_law,0,712.4409703021701,69.98885485070821,0.0,0.0,150.43175865665398,523.8203844417014,True
3,1,exponential,2,556.2666992930162,18.468203657017625,4.772488072706087,-32.64275514685892,35.68461338874386,126.15108988954653,False
4,1,gaussian,1,559.5533458729797,7.4299294896862875,7.9247439123469,-29.3561085668955,13.72702817375948,50.213336843284665,False
5,1,power_law,0,588.9094544398752,87.1820536455989,0.0,0.0,185.76828755726163,645.4479699185189,True
6,2,exponential,2,734.3402350548056,27.28888283626293,10.182804991903199,-48.22387500964123,53.116350444597046,187.31731491908815,False
7,2,gaussian,1,742.8240190470923,7.5877175344541,9.761673551406508,-39.74009101735453,13.667272755192071,50.900788683501574,False
8,2,power_law,0,782.5641100644468,37.284440557405674,0.0,0.0,81.88704868972393,287.0608884730022,True
9,3,exponential,2,678.3824425842291,23.28103468929021,4.541082130446507,-18.86030687909249,45.033336186108194,159.08458352489245,False
10,3,gaussian,1,684.0395287210298,7.706785309140173,5.683484971541058,-13.203220742291819,14.03401916422721,51.88264107858851,False
11,3,power_law,0,697.2427494633216,115.09649878512835,0.0,0.0,244.27317166934623,848.3522864199617,True
12,4,exponential,1,630.6618280811681,7.210378050597569,6.014972719820622,-37.54722344058291,13.155822521919399,48.584330137877195,False
13,4,gaussian,2,621.5448730127208,7.963483019906221,9.729665539432661,-46.664178509030194,14.676389154996,53.799657439029104,False
14,4,power_law,0,668.209051521751,64.17013127666326,0.0,0.0,136.62779900201426,475.8645926963963,True
15,5,exponential,1,662.5193232122958,13.952413053801592,6.272336445289148,-60.860750181007006,26.19571366482332,93.84609489677804,False
16,5,gaussian,2,658.9304176832861,8.120891403551013,11.008298460037677,-64.44965571001671,14.89138847390336,54.72592618053207,False
17,5,power_law,0,723.3800733933028,34.282044081408,0.0,0.0,70.66259048220735,247.94849369252415,True
18,6,exponential,2,734.7756285516539,16.641014855487583,9.6952932782616,-39.57882845576967,32.23859995369711,115.10116164209555,False
19,6,gaussian,1,736.6056493340386,8.0781154121496,9.508378693396086,-37.74880767338493,14.676208140812694,54.36044355987419,False
20,6,power_law,0,774.3544570074235,55.59295847590772,0.0,0.0,115.49674093796352,403.2785390639771,True
21,7,exponential,2,570.6498511343088,29.48891894594567,11.591870787010066,-60.869033534761684,57.9723228820187,203.3164810209656,False
22,7,gaussian,1,579.555418376597,7.449123591649823,10.94567236751523,-51.96346629247353,13.731854628181077,50.32756918100338,False
23,7,power_law,0,631.5188846690705,40.791745442998604,0.0,0.0,85.96856485352217,300.44602685660624,True
24,8,exponential,1,699.3780600509751,12.71065544119324,14.584884095571121,-55.18356502170582,23.736966214383493,85.52101144171286,False
25,8,gaussian,2,696.1605340376173,8.000164104032478,11.707206439779473,-58.4010910350637,14.594800066346046,53.881590159559344,False
26,8,power_law,0,754.561625072681,30.876170778923893,0.0,0.0,62.45676301012441,219.72270861322397,True
27,9,exponential,2,594.5802938661709,24.242029284168666,6.455415646015523,-13.155816180902775,47.29315017981765,166.4927425390164,False
28,9,gaussian,1,602.9317554809932,7.363143578729478,4.921188293898509,-4.804354566080519,13.509188077665629,49.67143559028883,True
29,9,power_law,0,607.7361100470737,118.42314672654516,0.0,0.0,263.56363232079354,914.6120460196222,True
30,10,exponential,2,650.0694913634936,23.864039337808663,5.923906485566804,-33.180814825361495,46.89593646114767,165.38862155953387,False
31,10,gaussian,1,655.0954733068553,7.63551545547341,7.998907439088054,-28.154832881999823,13.953910351241175,51.46424726814901,False
32,10,power_law,0,683.2503061888551,89.26803416731786,0.0,0.0,193.61099530543535,673.0235747924969,True
33,11,exponential,1,615.2812224370631,9.235312357559792,7.2391843144944525,-20.903698068779136,17.084414482626393,62.09889022747708,False
34,11,gaussian,2,610.2865944338587,8.508428761177129,7.344875929020814,-25.898326071983547,15.776798115766425,57.55125672849931,False
35,11,power_law,0,636.1849205058422,86.12052998175454,0.0,0.0,183.00770515230334,636.1318334515853,True
36,12,exponential,1,743.6841406030626,9.900758761109273,7.780787248470367,-73.2807898866829,18.050237503244684,66.06683488141374,False
37,12,gaussian,2,738.6690588670672,7.787698599326745,12.891494074893153,-78.2958716226783,14.09679522449749,52.36631317760931,False
38,12,power_law,0,816.9649304897455,8.865419126706684,0.0,0.0,16.049515893690657,59.50337625314574,True
39,13,exponential,1,682.1502915071151,8.766937621470674,6.717299939935799,-35.46381046815259,15.986713944796369,58.62832419612195,False
40,13,gaussian,2,678.2645259105528,7.416950432857334,9.973383703735966,-39.349576064714824,13.462904017312399,49.87900582763077,False
41,13,power_law,0,717.6141019752677,72.72054087002152,0.0,0.0,161.76028578681036,563.0265166377437,True
42,14,exponential,2,592.0571846607195,29.197617860085074,6.374997216313757,-43.60644635627273,58.159028752808396,204.06550986071497,False
43,14,gaussian,1,599.5684415522342,7.858303414819147,9.562323047717774,-36.09518946475805,14.503323599983617,53.093813522762844,False
44,14,power_law,0,635.6636310169922,87.70756053753553,0.0,0.0,205.68723506376259,714.5503349557532,True
45,15,exponential,2,726.7769122314054,22.22177045987189,5.55480853746842,-27.558703037639475,42.96240740682862,152.1575009503312,False
46,15,gaussian,1,732.8762247384805,7.205819628268046,7.358449940787352,-21.459390530564406,12.93410106357599,48.31620513446008,False
47,15,power_law,0,754.3356152690449,102.20466738812593,0.0,0.0,227.5699986176269,790.8364996312094,True
48,16,exponential,2,595.2872266146333,31.236276621888237,4.629741000567951,-16.224120796287934,63.041580845097975,220.9690430089799,False
49,16,gaussian,1,604.7857537664134,7.704652975019258,5.4464187740559735,-6.7255936445077396,14.190439157251147,52.036967704261734,True
50,16,power_law,0,611.5113474109212,121.40845792134019,0.0,0.0,261.70926685027797,908.2545775481674,True
51,17,exponential,1,601.2220364014917,7.319700165646623,7.470984582193603,-48.75071301738194,13.430353096938823,49.390285959667594,False
52,17,gaussian,2,589.670988510676,8.804580463865818,10.918384188049082,-60.30176090819759,16.41965343197521,59.67427703159107,False
53,17,power_law,0,649.9727494188736,40.940678764013796,0.0,0.0,95.67349079495025,334.0943942616655,True
54,18,exponential,2,554.9634874598829,15.647999090704047,7.094037556519599,-38.988127624716185,29.655117931818364,105.28846560334392,False
55,18,gaussian,1,557.571733973019,7.125928390337322,9.034513485663094,-36.37988111158006,13.128941589835703,48.13477672713813,False
56,18,power_law,0,593.9516150845991,55.99667979652031,0.0,0.0,117.83198663484292,410.4814930552557,True
57,19,exponential,2,641.0586471859936,19.296528804347304,7.390663910458608,-42.26715652833241,37.87916897401401,134.15460612478137,False
58,19,gaussian,1,644.0793334570241,7.740104259950726,9.572610198154846,-39.246470257301894,14.180184011072152,52.19323368780668,False
59,19,power_law,0,683.325803714326,60.4744476349224,0.0,0.0,124.60733222817834,434.356517860294,True
60,20,exponential,2,694.038981062138,25.912129466326178,7.543678911558497,-34.22307348391064,50.90107154049787,179.4573128494388,False
61,20,gaussian,1,703.5571650837813,7.362119232260625,7.266396338596409,-24.70488946226726,13.308291356995511,49.46744031118876,False
62,20,power_law,0,728.2620545460486,81.75566448472273,0.0,0.0,176.70914317282006,614.7917974952371,True
63,21,exponential,2,652.4303456973662,20.67375585514219,4.4082966944263235,-33.67981344440727,40.01614844480172,141.60313992745424,False
64,21,gaussian,1,657.6178981567398,7.4112107113319325,8.017822090745309,-28.49226098503368,13.486922493082153,49.86131877975558,False
65,21,power_law,0,686.1101591417735,79.99653098697331,0.0,0.0,167.42668947914225,582.4739574998432,True
66,22,exponential,1,556.5988694843444,7.156338944057552,10.424916064794738,-26.8311688063028,13.192055115334096,48.34833505132571,False
67,22,gaussian,2,549.8696311188023,7.948240877204398,8.511708768019554,-33.56040717184487,14.787236999698502,53.833412197826476,False
68,22,power_law,0,583.4300382906472,73.77925297081595,0.0,0.0,153.8803855533335,535.1272092461851,True
69,23,exponential,1,604.0695756905502,13.712838237447158,8.62229988653122,-59.604677674953564,25.692706519798932,91.82167179319936,False
70,23,gaussian,2,602.231438235875,7.9959024144077375,11.96295350933878,-61.4428151296288,14.773987112078284,54.043094701123266,False
71,23,power_law,0,663.6742533655038,30.863980792011944,0.0,0.0,63.26990418257252,222.0899979397937,True
72,24,exponential,2,693.0346045819672,32.142607349620334,6.934521795436313,-48.959481997567536,63.613423718341515,223.42542089331488,False
73,24,gaussian,1,704.0146097009837,8.11925347452177,8.935709464695707,-37.979476878551054,14.822691706584465,54.70816289025294,False
74,24,power_law,0,741.9940865795347,70.00406229586542,0.0,0.0,153.6572454357886,535.116890972876,True
75,25,exponential,1,732.3558314799493,12.823465305890977,5.75348751879476,-37.49401295652592,24.019024874950478,86.65763051389692,False
76,25,gaussian,2,731.396595808114,7.602145738432114,9.088011599877957,-38.45324862836128,13.731442164659363,51.06706026853222,False
77,25,power_law,0,769.8498444364752,64.53970757690536,0.0,0.0,140.27864552303396,488.97859697162124,True
78,26,exponential,1,603.7168539240532,17.11966289853683,5.93855796623064,-45.26419823496974,33.226574440427974,117.87970642547701,False
79,26,gaussian,2,602.859548539795,7.951379261531429,9.936701690945615,-46.12150361922795,14.686338551008117,53.742927818371804,False
80,26,power_law,0,648.981052159023,63.60652740980072,0.0,0.0,134.36231174466496,467.92422924536794,True
81,27,exponential,1,694.1605713527096,11.09529356336941,6.591157388631944,-24.85984236853983,20.54864613948511,74.46681026695687,False
82,27,gaussian,2,693.2134515422416,7.462218186391169,8.405533761607686,-25.80696217900777,13.528510642905283,50.17877489038171,False
83,27,power_law,0,719.0204137212494,100.05269201035969,0.0,0.0,221.35116718590336,769.1515826837315,True
84,28,exponential,1,542.4535885519233,7.257661708217711,7.3668304167844,-73.1422996346455,13.424359397193447,49.08287532200581,False
85,28,gaussian,2,533.8665628011306,8.015604081904712,12.866125365174476,-81.72932538543819,14.951699396065472,54.32421042384357,False
86,28,power_law,0,615.5958881865688,8.767522355545339,0.0,0.0,16.214738138867574,59.092366776212934,True
87,29,exponential,2,730.8886608901673,19.401370167478035,8.365266047892584,-64.15723518849586,37.26497054105227,132.47020488443175,False
88,29,gaussian,1,734.4097733491263,7.384741961089958,12.088336322615387,-60.63612272953685,13.26627081955318,49.472838073778355,False
89,29,power_law,0,795.0458960786632,34.540906979407396,0.0,0.0,70.7247881301625,248.52187394151628,True
90,30,exponential,1,659.8400680873411,12.144049463504984,7.7652365332201105,-19.42942697863566,22.691779389425292,81.71293772309812,False
91,30,gaussian,2,657.3155568462432,7.810987104021933,7.235964556831638,-21.953938219733573,14.29807351738766,52.66563923425871,False
92,30,power_law,0,679.2694950659768,97.07712363233213,0.0,0.0,213.29686997706463,741.0994210269625,True
93,31,exponential,2,710.9337628846786,23.151339254659206,6.042862294870253,-11.238037858849339,45.985848920452895,162.53706746003553,True
94,31,gaussian,1,715.8258986044666,8.103909752356685,4.865285142479413,-6.345902139061309,14.770164132565794,54.584088087257754,True
95,31,power_law,0,722.1718007435279,123.49480879243595,0.0,0.0,272.5820043702031,946.3734421181913,True
96,32,exponential,2,569.2222765317448,15.252687658528089,5.976357743716986,-55.957144529326456,28.929687019950943,102.84836279219464,False
97,32,gaussian,1,569.42260017049,7.349592946890766,10.610998364955066,-55.75682089058125,13.544019085627163,49.62845534398257,False
98,32,power_law,0,625.1794210610713,32.498741721956435,0.0,0.0,66.54744521690077,233.23809200402061,True
99,33,exponential,1,629.1953043816675,7.363203719465901,8.586573318838862,-50.56088035001517,13.462808645434382,49.63910839459813,False
100,33,gaussian,2,625.591717521945,7.4401645878205045,11.033290958707976,-54.16446720973761,13.620617726378269,50.1674291247622,False
101,33,power_law,0,679.7561847316827,38.826220748144124,0.0,0.0,81.21811752626249,284.24884576795097,True
102,34,exponential,1,585.2872774151541,11.553931639681082,7.44956111322603,-68.75261898701683,21.664615876409016,77.79635840644862,False
103,34,gaussian,2,583.9490800797367,7.491826329005448,12.557144715314182,-70.0908163224342,13.806535961841357,50.6073441331395,False
104,34,power_law,0,654.0398964021709,8.660695800764984,0.0,0.0,15.962255913094634,58.40642198746656,True
105,35,exponential,2,695.5093745054652,18.856885474616433,8.367900776085868,-34.854951843962,36.604578715741056,130.01196799096564,False
106,35,gaussian,1,698.6286530176151,7.923873946718231,8.54521049011099,-31.73567333181211,14.445442575877749,53.376918355382614,False
107,35,power_law,0,730.3643263494272,56.05513357299378,0.0,0.0,120.43298673673604,420.1395322587201,True
108,36,exponential,2,608.4134479112715,20.990948191910093,10.986405999837931,-23.985571374820893,41.06951127741197,145.03197140679313,False
109,36,gaussian,1,613.0031134402053,7.304268281150939,7.1447966220154635,-19.395905845887114,13.36663311258782,49.227491715868624,False
110,36,power_law,0,632.3990192860924,78.36861821618629,0.0,0.0,167.41495886348198,582.1718327500425,True
111,37,exponential,1,652.069989627934,16.727101300809977,6.3594173463420685,-18.28572621560511,32.31019636129621,114.94492256266399,False
112,37,gaussian,2,651.74307206307,7.732849916732562,7.40004644125597,-18.612643780469057,14.148420350310673,52.12079459878439,False
113,37,power_law,0,670.3557158435391,110.97394227736345,0.0,0.0,248.9277401311588,864.3048167111009,True
114,38,exponential,1,630.7119321717082,14.544680628075639,7.495637862576869,-57.889659365116586,27.78488907852262,99.18830251690903,False
115,38,gaussian,2,629.3614873061042,7.6929512081377425,11.57469130969596,-59.24010423072059,14.116815512194668,51.902221320652004,False
116,38,power_law,0,688.6015915368248,48.098418288995845,0.0,0.0,104.94786375634727,366.37898099835695,True
117,39,exponential,1,647.6448917320763,18.342253748458234,6.892001996555645,-41.094054430756614,35.851269775720446,127.17210650259749,False
118,39,gaussian,2,646.5317813118327,7.759513998725197,9.654776823351522,-42.20716485100024,14.219812524493374,52.342239037809215,False
119,39,power_law,0,688.7389461628329,72.65535960050283,0.0,0.0,160.9920723839731,560.2204561811735,True
120,40,exponential,2,651.9703929328347,21.812056370048822,9.988069461528397,-52.369019569446095,42.179196511312156,149.08344853220873,False
121,40,gaussian,1,656.4332187391011,7.716145892201212,10.427522059275468,-47.90619376317966,14.109474945329655,52.008932965375294,False
122,40,power_law,0,704.3394125022808,39.00779911946779,0.0,0.0,84.88214038276698,297.04030317988264,True
123,41,exponential,2,668.7100542508879,30.222943793871536,7.2780756891619305,-46.25264242191065,60.50401093928142,212.5501175998895,False
124,41,gaussian,1,675.8750629245643,9.437369519763593,9.183094936205753,-39.087633748234225,17.516075982245646,63.887553870482606,False
125,41,power_law,0,714.9626966727985,71.22588478979992,0.0,0.0,152.5091322348579,531.0277242172099,True
126,42,exponential,2,693.4208024395356,27.148296188388827,10.780956009694796,-48.8175032479553,53.94155283960223,189.97074087967388,False
127,42,gaussian,1,700.8487833912752,7.9283467715059714,9.748413419464097,-41.38952229621566,14.443352995377051,53.38053948159466,False
128,42,power_law,0,742.2383056874909,63.23032260847583,0.0,0.0,134.4829555744503,468.8019062053667,True
129,43,exponential,1,675.8209550219174,7.972977824911368,6.443519209955485,-34.775700729642494,14.585117117425192,53.74881606781371,False
130,43,gaussian,2,667.1882755378565,8.088330868375238,9.600172242632143,-43.40838021370337,14.833187393042428,54.56480685491527,False
131,43,power_law,0,710.5966557515599,78.62728242550929,0.0,0.0,172.52557387941616,600.2409831957088,True
132,44,exponential,2,642.5342175144933,25.120487736442783,6.791526189374974,-45.79804554835073,49.27024565361163,173.56448903575622,False
133,44,gaussian,1,647.7739256086245,8.2572660419562,9.700327429780584,-40.558337454219554,15.20869432320261,55.768987625411114,False
134,44,power_law,0,688.332263062844,63.348287362423434,0.0,0.0,132.6244014875817,462.11033375268323,True
135,45,exponential,2,571.7105010033208,14.490277337586122,4.832300300453218,-29.960389214641737,27.90998510128472,99.33258502718274,False
136,45,gaussian,1,572.4835771101148,7.560091431780279,8.142742885313895,-29.187313107847785,13.964184738943308,51.0967751978224,False
137,45,power_law,0,601.6708902179626,88.33575200770701,0.0,0.0,189.46390912727145,658.2955031242125,True
138,46,exponential,2,644.0879820480236,23.348645660816032,9.692040490387772,-26.712397277056084,45.958012148511735,162.1152574449739,False
139,46,gaussian,1,650.9563891685241,7.348109587651493,7.062665705047679,-19.843990156555606,13.381711495042037,49.464797681949776,False
140,46,power_law,0,670.8003793250797,85.63644648047193,0.0,0.0,185.2493563865067,644.0458142152069,True
141,47,exponential,2,635.1411569556683,19.428043296828264,11.185229403985893,-39.876079471327444,37.795801201213834,133.83728208820511,False
142,47,gaussian,1,639.4667326610681,7.114832398951194,10.523728823208788,-35.5505037659276,12.917457730742377,47.80301442590176,False
143,47,power_law,0,675.0172364269957,76.2623970671641,0.0,0.0,170.22467173193237,592.0866652476797,True
144,48,exponential,1,690.9064578788591,7.50857992022793,5.882894684401535,-24.28384587760422,13.630027537837261,50.51865202501165,False
145,48,gaussian,2,681.8912973929204,8.201617231999876,8.485882917754214,-33.29900636354296,15.03211709428858,55.32464326986603,False
146,48,power_law,0,715.1903037564633,94.20916049044286,0.0,0.0,206.7835051505149,718.7532450861337,True
147,49,exponential,2,681.8813268719948,20.321205827308972,8.542802367413243,-53.24983552848744,39.940092926838915,141.48294927294077,False
148,49,gaussian,1,684.7909661062539,7.777004935372929,10.554189931661169,-50.34019629422835,14.172927293442346,52.366762497418854,False
149,49,power_law,0,735.1311624004823,43.77442345620557,0.0,0.0,97.30867071278398,340.1714967148244,True
150,50,exponential,2,603.8781065490625,26.790830217921098,6.309756778492738,-34.06497205696792,52.40911419415972,184.23443020954522,False
151,50,gaussian,1,613.8484171996427,7.380957677467109,7.2196778511097595,-24.094661406387786,13.520512536316359,49.7638125256668,False
152,50,power_law,0,637.9430786060304,86.10577614097645,0.0,0.0,186.4392899249935,648.0006066790992,True
153,51,exponential,2,695.8200233254013,25.490877094094685,6.951761662310489,-30.468909779559795,49.75983253279016,175.5189980716235,False
154,51,gaussian,1,703.493362071814,7.850213225908533,7.291795186053966,-22.795571033147098,14.288130430425415,52.85646755933567,False
155,51,power_law,0,726.2889331049611,81.86947507180889,0.0,0.0,172.03632182983876,598.6186604332737,True
156,52,exponential,2,618.8121768277058,20.387381054013645,5.620401985793707,-32.327809016279616,39.75219102486908,140.52612012746846,False
157,52,gaussian,1,621.8072670012355,8.07316322573024,8.068923338734677,-29.332718842749955,14.896584273097986,54.562626294572325,False
158,52,power_law,0,651.1399858439854,87.42863001476121,0.0,0.0,184.98095792252695,643.0305327079792,True
159,53,exponential,1,604.9889374918966,12.824377305347298,5.970984425374095,-31.582385588537818,24.12503532223066,86.40319988260059,False
160,53,gaussian,2,604.4407037508442,7.347649678107359,8.544580388480128,-32.13061932959022,13.479447810959208,49.57585476424994,False
161,53,power_law,0,636.5713230804345,64.16367535215034,0.0,0.0,139.04498892412147,484.0599783854051,True
162,54,exponential,1,663.7880699531688,8.662277456481206,6.529690123683107,-53.52021670561771,15.85116811163221,58.06978314135433,False
163,54,gaussian,2,660.2062935552065,8.298242974902678,11.253004366634379,-57.10199310358007,15.267667502489342,56.03361326681683,False
164,54,power_law,0,717.3082866587865,34.652944227301646,0.0,0.0,71.43237579395853,250.59130808305633,True
165,55,exponential,2,630.0764596980391,23.752329829623477,7.6985023850680205,-31.18917149023855,46.4745990711668,163.83409107401243,False
166,55,gaussian,1,634.8212969749109,8.185428175259858,7.996420556034507,-26.4443342133668,15.093061917702641,55.30578191838838,False
167,55,power_law,0,661.2656311882777,106.1733144610248,0.0,0.0,232.90174110929718,808.8288822825059,True
168,56,exponential,2,582.3504266207287,14.896432506749534,7.579230506324034,-19.49982135870073,28.64498052162425,101.92686833616345,False
169,56,gaussian,1,584.6059373350681,7.583474194393034,6.51622581505394,-17.24431064436135,13.989248334096681,51.24256905522428,False
170,56,power_law,0,601.8502479794295,83.48185014629041,0.0,0.0,181.4578165748141,630.5955805125909,True
171,57,exponential,2,749.735641990535,27.142442142603045,9.652400347559771,-42.918108391234114,52.93585126728633,186.7677018261522,False
172,57,gaussian,1,757.5490991798802,7.623987561899639,9.06200896248711,-35.10465120188894,13.72731420534832,51.18034622934318,False
173,57,power_law,0,792.6537503817691,57.14833861661293,0.0,0.0,117.82910151595227,411.43851465529326,True
174,58,exponential,2,620.0815032413024,25.230186385691013,5.685933917743283,-14.322640208425014,49.6335820654454,174.71241292423173,False
175,58,gaussian,1,628.1142620998736,7.219827870049244,4.445144830525559,-6.289881349853772,13.17318371314081,48.632052063569795,True
176,58,power_law,0,634.4041434497274,120.19487151431315,0.0,0.0,268.10128699826066,930.446748208204,True
177,59,exponential,1,622.9950554322135,7.439907086015978,7.001309421376446,-56.43666744530765,13.627045044373688,50.17698741383387,False
178,59,gaussian,2,613.6009315379567,7.871020095912627,11.729387376340648,-65.83079133956437,14.506966502720443,53.174909062598395,False
179,59,power_law,0,679.4317228775211,39.3313447368015,0.0,0.0,82.06279513012507,287.1769847789877,True
180,60,exponential,2,653.557478097262,18.21293121483768,8.748798040852998,-42.70138809801142,35.777156941528865,126.94451781746146,False
181,60,gaussian,1,655.0473535505765,7.4547157762399365,9.876212937284414,-41.21151264469688,13.589825860108808,50.20463641731203,False
182,60,power_law,0,696.2588661952734,61.463255522069176,0.0,0.0,132.68718489164382,462.361576160926,True
183,61,exponential,2,606.0787638030733,35.80814612284178,8.601117747037401,-53.97538242718019,71.98100818583632,251.94432835960174,False
184,61,gaussian,1,619.9662813920613,7.22827554880007,9.861202262601628,-40.08786483819222,13.204572384988536,48.700864866434294,False
185,61,power_law,0,660.0541462302535,58.83672847117066,0.0,0.0,123.6512421708231,430.9278093280931,True
186,62,exponential,2,680.5841214082103,23.676311140039502,7.184836865111673,-51.51100273936572,45.98637958309162,162.39303649150673,False
187,62,gaussian,1,682.7586843839481,7.419540068127503,10.44536791430218,-49.336439763627936,13.39717327534502,49.67378841328065,False
188,62,power_law,0,732.095124147576,67.8495839198406,0.0,0.0,145.82178897395403,507.960031175896,True
189,63,exponential,2,676.7160839377109,26.87932469088264,5.686783328871775,-16.456030208666903,53.167919813450396,187.21380499351204,False
190,63,gaussian,1,685.5484487422235,7.126226769025379,4.632323581562203,-7.623665404154281,12.869735241486001,47.86265715760004,True
191,63,power_law,0,693.1721141463778,118.82390834715454,0.0,0.0,262.72996083945736,912.1561399430374,True
192,64,exponential,2,663.7291735373875,19.660694012446697,4.709489991175272,-11.24331228024164,37.84301658452974,134.14199872236668,False
193,64,gaussian,1,666.6576461530076,7.339190368027175,5.368699595892644,-8.314839664621559,13.33913115607279,49.39413006198535,True
194,64,power_law,0,674.9724858176291,128.6476933292231,0.0,0.0,284.45012815343074,987.214044215415,True
195,65,exponential,2,612.3652914638085,17.68651265463791,11.940780762584284,-65.26299583681566,34.459866168352775,122.18713754794345,False
196,65,gaussian,1,614.2862791545122,8.491354958946431,11.91812384474865,-63.34200814611199,15.748179788539376,57.47168732243652,False
197,65,power_law,0,677.6282873006242,9.734994145287828,0.0,0.0,18.069683000443305,65.81131808119885,True
198,66,exponential,1,723.4048193689553,16.21434710593826,9.695759957332411,-27.126159563844112,31.12424467961121,111.19146064444666,False
199,66,gaussian,2,722.0755739778311,7.671243677172811,8.265308681377263,-28.45540495496823,13.889757058937695,51.56913806525103,False
200,66,power_law,0,750.5309789327994,69.29175271061877,0.0,0.0,152.4443867855361,530.9610304904531,True
201,67,exponential,1,601.3850495775109,17.550865785556994,8.393421139976617,-51.92690811956402,34.034759879075054,120.66392080555754,False
202,67,gaussian,2,599.4247785708011,7.879780199459788,11.536184995378072,-53.88717912627385,14.549702459241342,53.2535162069453,False
203,67,power_law,0,653.311957697075,73.70736636396373,0.0,0.0,161.15924329924871,560.6331193398313,True
204,68,exponential,2,663.2284304777147,24.195903253659935,6.252870271358383,-28.08842393544387,47.43031807353433,167.30165752420186,False
205,68,gaussian,1,669.1890228698433,7.559216180728868,7.760842031858648,-22.127831543315324,13.77295516567872,50.907100635027085,False
206,68,power_law,0,691.3168544131586,105.78328973283703,0.0,0.0,236.95365786403698,822.9844521470286,True
207,69,exponential,2,643.5510447682798,19.950050930666976,11.468149801203875,-53.19451255531226,39.45075870282912,139.6031204406984,False
208,69,gaussian,1,644.4750931098696,7.907433781834925,10.788844721424569,-52.27046421372245,14.517042992644944,53.360363813939315,False
209,69,power_law,0,696.745557323592,46.29124347646041,0.0,0.0,106.06334946671544,370.2630306464563,True
210,70,exponential,1,657.2868952558536,11.571620508613478,10.281230379163686,-36.96182542212523,21.622935538564068,78.00271393890644,False
211,70,gaussian,2,654.3926308035216,8.588505453916923,8.881243678625045,-39.85608987445721,15.860082729811666,58.05448752809909,False
212,70,power_law,0,694.2487206779788,32.191881439587405,0.0,0.0,66.28970909162331,232.67991097364197,True
213,71,exponential,1,596.7995386117582,17.09947525328971,7.76254804834616,-44.82450571212962,33.29018350499931,118.06585778692234,False
214,71,gaussian,2,594.9732086595441,6.967073587521327,10.998634792645463,-46.65083566434373,12.729390905041678,46.93525163912431,False
215,71,power_law,0,641.6240443238878,83.78055941465493,0.0,0.0,188.60827357107223,655.519055431301,True
216,72,exponential,1,659.8352283305053,9.517326879254597,6.520943032912665,-17.65363198069042,17.429353968004687,63.50976524405392,False
217,72,gaussian,2,654.8672098391754,7.56971283049802,6.79199037860495,-22.621650472020292,13.820741013689744,51.00256833008967,False
218,72,power_law,0,677.4888603111957,92.73771762006879,0.0,0.0,207.35635568975093,720.5365061382985,True
219,73,exponential,2,566.0073541157149,18.056708199676677,5.877084101127465,-53.626065947343136,35.35635961587538,125.06148010591366,False
220,73,gaussian,1,567.5819353050981,8.490751831087437,10.75024677118526,-52.051484757959884,15.83987438656232,57.561001872292735,False
221,73,power_law,0,619.633420063058,45.43231822407995,0.0,0.0,96.07098094764652,335.32771021749227,True
222,74,exponential,2,595.890822349355,20.847626004030417,5.763401083944237,-28.00140394899779,40.64416680413112,143.4985428045612,False
223,74,gaussian,1,599.3199771502918,8.358285147441848,7.413457551193205,-24.572249148060905,15.503858952791816,56.55357055543462,False
224,74,power_law,0,623.8922262983527,99.13836604492644,0.0,0.0,218.71156085363984,759.5539769687329,True
225,75,exponential,2,654.4165538466319,33.73668042066265,8.576682928272211,-43.79767534698476,67.0067717417276,234.9745281409373,False
226,75,gaussian,1,668.0399536100492,7.7230808796493875,8.223646586729206,-30.174275583567464,14.10088556492342,52.03583124759599,False
227,75,power_law,0,698.2142291936167,51.936915393567915,0.0,0.0,109.98441068858162,383.837330055521,True
228,76,exponential,1,640.6646726443275,8.557520667403764,7.374705268350223,-42.47357181635107,15.642782296553758,57.236516048125075,False
229,76,gaussian,2,637.6286695776182,7.210364133590929,10.421232853036122,-45.509574883060395,13.039318204311227,48.21583629524095,False
230,76,power_law,0,683.1382444606786,67.17150798777493,0.0,0.0,149.311582016723,519.8018611545774,True
231,77,exponential,2,597.7739505357254,21.520735455531394,6.782396426092054,-48.93723654393807,42.555164799538744,150.11812396994168,False
232,77,gaussian,1,599.6573233240579,8.15753774341772,10.488887498946863,-47.05386375560556,15.107245186934437,55.18327784684027,False
233,77,power_law,0,646.7111870796634,62.0249320125954,0.0,0.0,131.28614652220276,457.2742338537212,True
234,78,exponential,2,665.526982229449,32.322513755988325,11.414510021162473,-55.87930340171022,64.26894050229566,225.5584211198055,False
235,78,gaussian,1,676.5659741581525,8.126879170784605,10.309859524068298,-44.84031147300675,14.891906810009466,54.81367085163293,False
236,78,power_law,0,721.4062856311592,35.3415385161876,0.0,0.0,75.43647839933801,264.4530883600292,True
237,79,exponential,2,597.5817194391396,25.502863829754006,11.949133541363341,-64.7792036135861,50.17211946246115,176.4652377035297,False
238,79,gaussian,1,604.4290938477044,7.3610178045649945,11.978598606869745,-57.93182920502136,13.499908509463012,49.64667550980703,False
239,79,power_law,0,662.3609230527258,8.962206224702527,0.0,0.0,16.602544892212286,60.661815176254265,True
240,80,exponential,1,607.7252104510455,7.463130639183646,8.503019640994916,-11.433214557246856,13.70313205841926,50.365683383377515,True
241,80,gaussian,2,600.5720784628327,7.546738642605419,7.3658764589318775,-18.58634654545972,13.881255991966603,50.946952714858924,False
242,80,power_law,0,619.1584250082924,101.49466664774809,0.0,0.0,223.080967149352,774.6453090537657,True
243,81,exponential,2,633.1513749421102,19.090997610374757,5.86876785646143,-47.07794158508352,36.90143438748155,130.73500451419787,False
244,81,gaussian,1,638.2594980434876,7.742556331997093,9.797567074507509,-41.96981848370615,14.20124108696574,52.23762320306852,False
245,81,power_law,0,680.2293165271938,50.61937150844574,0.0,0.0,118.65355750881956,413.72776933968345,True
246,82,exponential,1,529.2209885970287,10.449229456325156,6.003373845102719,-54.89707179366076,19.568209737644302,70.27060973015818,False
247,82,gaussian,2,521.9148240937809,8.04983843546188,10.642443267399578,-62.203236296908585,15.04181049286379,54.57765224401805,False
248,82,power_law,0,584.1180603906895,30.99348970271751,0.0,0.0,62.9775507278917,220.697033012362,True
249,83,exponential,2,616.7777520506157,26.424146071974405,10.333550151524037,-45.0259330514956,52.44038991548814,184.40459459571173,False
250,83,gaussian,1,622.6409137666932,7.8677018320771595,9.76256882148046,-39.16277133541814,14.481389868504829,53.13052581266153,False
251,83,power_law,0,661.8036851021113,64.18450093180763,0.0,0.0,135.48188205059589,471.86357536239876,True
252,84,exponential,1,666.8773091300668,7.525139816372757,10.19331467103174,-47.668890543019415,13.698826947967937,50.639365551084886,False
253,84,gaussian,2,662.3208480911723,8.197820834781965,10.925467212739854,-52.22535158191397,15.063927703274071,55.33918611496887,False
254,84,power_law,0,714.5461996730862,36.14186281326499,0.0,0.0,74.32936448872066,260.5931601392543,True
255,85,exponential,2,584.8019292874019,24.389050723274522,7.100704235105122,-62.52079549371797,47.66763796965594,167.7401295922498,False
256,85,gaussian,1,587.5881512606409,7.881173399787713,11.086741842390664,-59.73457352047899,14.580420720019116,53.3020112370886,False
257,85,power_law,0,647.3227247811199,37.78841976449951,0.0,0.0,78.92397448363947,276.1630685892061,True
258,86,exponential,2,655.1492503875307,22.011139968702878,9.501088052973056,-62.11294270810856,43.27783909307863,152.89810286315569,False
259,86,gaussian,1,659.7778063201499,7.203975970277952,11.005399483022861,-57.484386775489384,13.069201083680358,48.42690380569955,False
260,86,power_law,0,717.2621930956393,31.033775403878394,0.0,0.0,63.26256529431238,222.32588880549622,True
261,87,exponential,2,655.6695604306067,25.138918772236593,9.203180504149788,-34.60758828702808,49.65111558535164,174.9460966380411,False
262,87,gaussian,1,662.5430157856779,7.613931496562827,8.491220656751594,-27.73413293195688,13.897099138466645,51.30405862223755,False
263,87,power_law,0,690.2771487176348,66.05262484094135,0.0,0.0,146.38530229389215,509.7059799393046,True
264,88,exponential,2,520.9613253711169,17.280397747856455,7.716463013061756,-3.730816641767092,33.71008560080036,119.14789064755345,True
265,88,gaussian,1,523.2493368251987,7.647057667589138,4.080950363953545,-1.4428051876852805,14.2344786615638,51.79150940942494,True
266,88,power_law,0,524.692142012884,124.50564198032998,0.0,0.0,280.03316352577195,971.1778761047193,True
267,89,exponential,2,671.811180063368,26.229762476774,8.964144792921449,-51.422263552066966,51.9760142105056,183.0667133093193,False
268,89,gaussian,1,677.9155150392451,7.887388923803883,11.001237195456822,-45.317928576189956,14.411041318132149,53.15683593474894,False
269,89,power_law,0,723.233443615435,74.50997797175899,0.0,0.0,161.55191670367665,562.331846767434,True
270,90,exponential,1,572.5720959240138,6.954579945951195,7.42344049023516,-26.26447523914169,12.747094382484217,46.88718964823621,False
271,90,gaussian,2,569.9540170545813,7.443076985872608,7.833236326339154,-28.88255410857414,13.72096061942215,50.2431833905226,False
272,90,power_law,0,598.8365711631554,81.67764354442465,0.0,0.0,172.43170458887045,599.3616352213107,True
273,91,exponential,1,681.0941644494433,8.628637582522288,7.889891105623542,-73.09143885725257,15.721830590713644,57.70688309143145,False
274,91,gaussian,2,678.1902106003572,7.266642704748961,13.28533439129037,-75.99539270633863,13.154861467012884,48.81307911184896,False
275,91,power_law,0,754.1856033066958,8.441209071929961,0.0,0.0,15.322221237786454,56.681178128094906,True
276,92,exponential,2,641.0800432099081,19.081206431206738,4.806492662622459,-32.404033021411806,37.684370359291385,133.48095634023247,False
277,92,gaussian,1,644.0831578907716,7.60463211193678,7.826907702741709,-29.400918340548287,13.890113739284141,51.190031933944006,False
278,92,power_law,0,673.4840762313199,81.37629538966917,0.0,0.0,170.96338872942604,594.6501593782226,True
279,93,exponential,2,696.0442460943669,30.033537027742113,5.69629507270087,-33.17740035067527,59.655585540887046,209.74915815736912,False
280,93,gaussian,1,707.2537051176686,7.419423504201859,7.2816373111704875,-21.967941327373637,13.416577980401554,49.86007401441771,False
281,93,power_law,0,729.2216464450422,91.22416563761192,0.0,0.0,197.54282434921782,686.8462622186601,True
282,94,exponential,2,721.1990997745839,24.10876363592581,6.538960750805128,-8.898056793643036,46.87594716495694,165.66635945942116,True
283,94,gaussian,1,728.0529725414319,8.25856631910051,4.160666789623099,-2.044184026795051,15.03361441995376,55.55518352978375,True
284,94,power_law,0,730.097156568227,131.25598829155945,0.0,0.0,300.5645909440387,1043.1926991135551,True
285,95,exponential,1,676.8611940389897,7.429125947158582,10.731525763605854,-33.77773543789931,13.50337029113028,50.011954455561316,False
286,95,gaussian,2,669.4699163922119,8.324532379868401,9.567480509883504,-41.16901308467709,15.304513524859905,56.20626394199534,False
287,95,power_law,0,710.638929476889,63.79933896726163,0.0,0.0,134.76755542838802,469.63175559588166,True
288,96,exponential,1,618.6389641247868,19.827394090377993,6.509477707156824,-60.20940011941934,39.4057060633689,139.3252230627014,False
289,96,gaussian,2,618.2413837295119,7.96389487912802,11.176534000736648,-60.606980514694214,14.682511738157395,53.80477341234685,False
290,96,power_law,0,678.8483642442061,47.398673122317064,0.0,0.0,111.29942589197793,388.28372421293625,True
291,97,exponential,1,667.5361147420692,10.156352728540583,7.693881274719139,-38.629836201617536,18.832814544725217,68.4013114723851,False
292,97,gaussian,2,660.469623534108,8.02790181110845,10.207008293430947,-45.69632740957877,14.728612735889108,54.17025759364195,False
293,97,power_law,0,706.1659509436868,76.35088234857608,0.0,0.0,168.83798798069148,587.4568583114841,True
294,98,exponential,2,688.9918846652783,26.287785895518937,9.203812042329341,-54.63719248889197,52.299851661445686,184.2705041080999,False
295,98,gaussian,1,696.7443995774377,8.254951083556307,10.580915126320171,-46.884677576732656,15.106909330372508,55.65578560479249,False
296,98,power_law,0,743.6290771541703,41.08286753935454,0.0,0.0,89.88706307356203,314.5427294573979,True
297,99,exponential,1,695.889592677082,19.203379512858305,11.936825918503146,-54.081835450971084,37.61738751794102,133.51660924814337,False
298,99,gaussian,2,693.8698424657856,8.001778678290748,10.864392451912444,-56.10158566226744,14.588117033860527,53.84736555717036,False
299,99,power_law,0,749.971428128053,33.16520956082934,0.0,0.0,67.37649744207226,236.7221538157514,True
