,simulation,model,scale1_post_mean,scale1_rhat,scale1_ess_bulk,scale1_bias,scale1_abs_bias,scale1_relative_error,scale1_covered,scale1_converged,exponent1_post_mean,exponent1_rhat,exponent1_ess_bulk,exponent1_bias,exponent1_abs_bias,exponent1_relative_error,exponent1_covered,exponent1_converged,q_param_post_mean,q_param_rhat,q_param_ess_bulk,q_param_bias,q_param_abs_bias,q_param_relative_error,q_param_covered,q_param_converged,pi0_post_mean,pi0_rhat,pi0_ess_bulk,pi0_bias,pi0_abs_bias,pi0_relative_error,pi0_covered,pi0_converged,phi_post_mean,phi_rhat,phi_ess_bulk,phi_bias,phi_abs_bias,phi_relative_error,phi_covered,phi_converged,n_fx1,fx1_post_mean_avg,fx1_post_mean_sd,fx1_post_mean_min,fx1_post_mean_max,fx1_bias_mean,fx1_bias_sd,fx1_rmse,fx1_mae,fx1_coverage_rate,fx1_n_covered,fx1_n_rhat_nan,fx1_rhat_mean,fx1_rhat_max,fx1_n_rhat_above_1.01,fx1_ess_bulk_min,fx1_ess_bulk_mean,fx1_n_ess_below_400,n_fy1,fy1_post_mean_avg,fy1_post_mean_sd,fy1_post_mean_min,fy1_post_mean_max,fy1_bias_mean,fy1_bias_sd,fy1_rmse,fy1_mae,fy1_coverage_rate,fy1_n_covered,fy1_n_rhat_nan,fy1_rhat_mean,fy1_rhat_max,fy1_n_rhat_above_1.01,fy1_ess_bulk_min,fy1_ess_bulk_mean,fy1_n_ess_below_400
0,0,power_law,4.174,1.0,9389.0,-0.8259999999999996,0.8259999999999996,16.519999999999992,1,1,1.958,1.0,11652.0,-0.04200000000000004,0.04200000000000004,2.100000000000002,1,1,0.02,1.0,25521.0,0.01,0.01,100.0,1,1,0.32,1.0,29585.0,0.020000000000000018,0.020000000000000018,6.666666666666673,1,1,19.046,1.0,21756.0,1.0459999999999994,1.0459999999999994,5.811111111111108,1,1,4,0.1945,0.06910318371826295,0.086,0.269,0.1945,0.06910318371826295,0.20641099776901423,0.1945,1.0,4,0,1.0,1.0,0,6020.0,8149.0,0,4,-0.06649999999999999,0.32060684646463805,-0.455,0.313,-0.06649999999999999,0.32060684646463805,0.3274309087425926,0.3125,1.0,4,0,1.0,1.0,0,15347.0,22344.0,0
1,1,power_law,4.166,1.0,8678.0,-0.8339999999999996,0.8339999999999996,16.679999999999993,1,1,1.918,1.0,10739.0,-0.08200000000000007,0.08200000000000007,4.100000000000003,1,1,0.013,1.0,25705.0,0.002999999999999999,0.002999999999999999,29.999999999999993,1,1,0.299,1.0,20949.0,-0.0010000000000000009,0.0010000000000000009,0.33333333333333365,1,1,17.455,1.0,25783.0,-0.5450000000000017,0.5450000000000017,3.027777777777787,1,1,4,0.34500000000000003,0.28004642472275915,0.091,0.807,0.34500000000000003,0.28004642472275915,0.44435458813879714,0.34500000000000003,1.0,4,0,1.0,1.0,0,1564.0,4152.5,0,4,0.13749999999999998,0.20294888519033555,-0.158,0.337,0.13749999999999998,0.20294888519033555,0.24514179570199776,0.2165,1.0,4,0,1.0,1.0,0,15548.0,19263.0,0
2,2,power_law,3.889,1.0,8673.0,-1.1110000000000002,1.1110000000000002,22.220000000000002,1,1,1.948,1.0,9965.0,-0.052000000000000046,0.052000000000000046,2.6000000000000023,1,1,0.022,1.0,26989.0,0.011999999999999999,0.011999999999999999,119.99999999999997,1,1,0.277,1.0,21368.0,-0.022999999999999965,0.022999999999999965,7.666666666666655,1,1,20.067,1.0,19830.0,2.067,2.067,11.483333333333334,1,1,4,0.20425,0.0696540558761656,0.127,0.315,0.20425,0.0696540558761656,0.2158002548654658,0.20425,1.0,4,0,1.0,1.0,0,2409.0,5653.25,0,4,0.34025,0.35462612354421946,-0.125,0.873,0.34025,0.35462612354421946,0.4914567631033273,0.40275,0.75,3,0,1.0,1.0,0,18098.0,22190.5,0
3,3,power_law,4.448,1.0,10241.0,-0.5519999999999996,0.5519999999999996,11.039999999999992,1,1,1.949,1.0,11491.0,-0.050999999999999934,0.050999999999999934,2.5499999999999967,1,1,0.014,1.0,31419.0,0.004,0.004,40.0,1,1,0.347,1.0,31546.0,0.046999999999999986,0.046999999999999986,15.666666666666663,1,1,16.289,1.0,21144.0,-1.7109999999999985,1.7109999999999985,9.505555555555548,1,1,4,0.27025,0.12558338863082172,0.104,0.413,0.27025,0.12558338863082172,0.29800377514387294,0.27025,1.0,4,0,1.0,1.0,0,3309.0,6678.75,0,4,-0.17250000000000001,0.5595652330157763,-0.863,0.602,-0.17250000000000001,0.5595652330157763,0.5855505955935831,0.513,1.0,4,0,1.0,1.0,0,15200.0,21104.25,0
4,4,power_law,3.109,1.0,10338.0,-1.891,1.891,37.82,0,1,1.794,1.0,12679.0,-0.20599999999999996,0.20599999999999996,10.299999999999997,1,1,0.01,1.0,3510.0,0.0,0.0,0.0,1,1,0.319,1.0,23612.0,0.019000000000000017,0.019000000000000017,6.333333333333339,1,1,19.939,1.0,22954.0,1.939,1.939,10.772222222222222,1,1,4,0.1755,0.15157588858390372,0.036,0.414,0.1755,0.15157588858390372,0.2318954505806442,0.1755,1.0,4,0,1.0025,1.01,0,345.0,3778.25,1,4,-0.023500000000000007,0.20326645074876473,-0.247,0.282,-0.023500000000000007,0.20326645074876473,0.20462038021663434,0.1805,1.0,4,0,1.0,1.0,0,12620.0,20768.25,0
5,5,power_law,2.843,1.0,9263.0,-2.157,2.157,43.14,0,1,1.619,1.0,10677.0,-0.381,0.381,19.05,0,1,0.023,1.0,31960.0,0.013,0.013,129.99999999999997,1,1,0.308,1.0,13074.0,0.008000000000000007,0.008000000000000007,2.666666666666669,1,1,17.274,1.0,15655.0,-0.7259999999999991,0.7259999999999991,4.033333333333329,1,1,4,0.07525,0.03137176278120182,0.021,0.096,0.07525,0.03137176278120182,0.08152760268767872,0.07525,1.0,4,0,1.0,1.0,0,6988.0,9866.25,0,4,0.035500000000000004,0.20061218806443437,-0.246,0.321,0.035500000000000004,0.20061218806443437,0.203728986646476,0.1585,1.0,4,0,1.0,1.0,0,5681.0,16516.25,0
6,6,power_law,4.244,1.0,2379.0,-0.7560000000000002,0.7560000000000002,15.120000000000006,1,1,2.03,1.0,4814.0,0.029999999999999805,0.029999999999999805,1.4999999999999902,1,1,0.02,1.0,25733.0,0.01,0.01,100.0,1,1,0.312,1.0,25366.0,0.01200000000000001,0.01200000000000001,4.0000000000000036,1,1,18.158,1.0,11277.0,0.15800000000000125,0.15800000000000125,0.8777777777777848,1,1,4,0.21275,0.09693393368681578,0.136,0.379,0.21275,0.09693393368681578,0.23379210850668164,0.21275,1.0,4,0,1.0,1.0,0,3116.0,4970.0,0,4,-0.27575000000000005,0.3323923697981047,-0.791,0.061,-0.27575000000000005,0.3323923697981047,0.43188279660111495,0.30625,1.0,4,0,1.0,1.0,0,2230.0,13936.0,0
7,7,power_law,3.628,1.0,9067.0,-1.3719999999999999,1.3719999999999999,27.439999999999998,1,1,1.872,1.0,11904.0,-0.1279999999999999,0.1279999999999999,6.399999999999995,1,1,0.007,1.0,18843.0,-0.003,0.003,30.0,1,1,0.289,1.0,19126.0,-0.01100000000000001,0.01100000000000001,3.66666666666667,1,1,16.159,1.0,19435.0,-1.841000000000001,1.841000000000001,10.227777777777785,1,1,4,0.164,0.09849873095629204,0.08,0.332,0.164,0.09849873095629204,0.19130603754194483,0.164,1.0,4,0,1.0,1.0,0,3767.0,6070.25,0,4,-0.07550000000000001,0.1928607010253774,-0.338,0.176,-0.07550000000000001,0.1928607010253774,0.20711228838482762,0.174,1.0,4,0,1.0,1.0,0,17420.0,20276.0,0
8,8,power_law,4.302,1.0,3645.0,-0.6980000000000004,0.6980000000000004,13.960000000000008,1,1,1.955,1.0,1073.0,-0.04499999999999993,0.04499999999999993,2.2499999999999964,1,1,0.013,1.0,4050.0,0.002999999999999999,0.002999999999999999,29.999999999999993,1,1,0.274,1.0,2272.0,-0.025999999999999968,0.025999999999999968,8.666666666666655,1,1,16.835,1.01,553.0,-1.1649999999999991,1.1649999999999991,6.472222222222218,1,1,4,0.3985,0.24442023238676458,0.079,0.677,0.3985,0.24442023238676458,0.4674863634374804,0.3985,1.0,4,0,1.0025,1.01,0,662.0,2295.25,0,4,-0.25249999999999995,0.5379653799269987,-0.691,0.661,-0.25249999999999995,0.5379653799269987,0.5942751887804167,0.583,1.0,4,0,1.0025,1.01,0,1587.0,3693.0,0
9,9,power_law,3.135,1.0,1476.0,-1.8650000000000002,1.8650000000000002,37.300000000000004,0,1,1.781,1.0,3413.0,-0.21900000000000008,0.21900000000000008,10.950000000000005,1,1,0.013,1.0,6503.0,0.002999999999999999,0.002999999999999999,29.999999999999993,1,1,0.295,1.0,36222.0,-0.0050000000000000044,0.0050000000000000044,1.6666666666666683,1,1,16.773,1.0,6694.0,-1.2270000000000003,1.2270000000000003,6.816666666666668,1,1,4,0.1815,0.0796508003726265,0.115,0.31,0.1815,0.0796508003726265,0.1982082238455307,0.1815,1.0,4,0,1.0025,1.01,0,3701.0,4562.5,0,4,0.13375,0.15613675896469736,-0.119,0.295,0.13375,0.15613675896469736,0.20559122062967572,0.19325,1.0,4,0,1.0,1.0,0,9986.0,15323.75,0
10,10,power_law,4.686,1.0,8948.0,-0.31400000000000006,0.31400000000000006,6.280000000000001,1,1,2.092,1.0,10674.0,0.09200000000000008,0.09200000000000008,4.600000000000004,1,1,0.026,1.0,13162.0,0.016,0.016,160.0,1,1,0.306,1.0,10330.0,0.006000000000000005,0.006000000000000005,2.0000000000000018,1,1,20.175,1.0,6680.0,2.1750000000000007,2.1750000000000007,12.083333333333337,1,1,4,0.16725,0.04907328703072579,0.091,0.227,0.16725,0.04907328703072579,0.17430074583890914,0.16725,1.0,4,0,1.0,1.0,0,6299.0,6389.25,0,4,-0.004750000000000001,0.06535814792357568,-0.084,0.097,-0.004750000000000001,0.06535814792357568,0.06553052723731131,0.053250000000000006,1.0,4,0,1.0,1.0,0,7301.0,15411.25,0
11,11,power_law,3.398,1.0,9500.0,-1.6019999999999999,1.6019999999999999,32.04,1,1,1.757,1.0,12323.0,-0.2430000000000001,0.2430000000000001,12.150000000000006,1,1,0.007,1.0,21546.0,-0.003,0.003,30.0,1,1,0.294,1.0,27433.0,-0.006000000000000005,0.006000000000000005,2.0000000000000018,1,1,17.133,1.0,24753.0,-0.8670000000000009,0.8670000000000009,4.816666666666672,1,1,4,0.20650000000000002,0.03553519382246282,0.163,0.261,0.20650000000000002,0.03553519382246282,0.20953519990684144,0.20650000000000002,1.0,4,0,1.0,1.0,0,3984.0,5888.5,0,4,0.132,0.27173056508239923,-0.142,0.501,0.132,0.27173056508239923,0.3020951836756091,0.2605,1.0,4,0,1.0,1.0,0,24327.0,25801.75,0
12,12,power_law,3.563,1.0,9838.0,-1.4369999999999998,1.4369999999999998,28.74,1,1,1.856,1.0,12150.0,-0.1439999999999999,0.1439999999999999,7.199999999999996,1,1,0.02,1.0,31186.0,0.01,0.01,100.0,1,1,0.321,1.0,30592.0,0.02100000000000002,0.02100000000000002,7.000000000000006,1,1,18.22,1.0,21213.0,0.21999999999999886,0.21999999999999886,1.2222222222222159,1,1,4,0.18725,0.12278716341702826,0.102,0.399,0.18725,0.12278716341702826,0.22391795372412637,0.18725,1.0,4,0,1.0,1.0,0,1653.0,6135.5,0,4,-0.10925000000000001,0.25115669909440996,-0.382,0.284,-0.10925000000000001,0.25115669909440996,0.2738891199007365,0.25125,1.0,4,0,1.0,1.0,0,17742.0,22234.0,0
13,13,power_law,2.775,1.0,10780.0,-2.225,2.225,44.5,0,1,1.703,1.0,10655.0,-0.29699999999999993,0.29699999999999993,14.849999999999996,0,1,0.033,1.0,32093.0,0.023,0.023,229.99999999999997,0,1,0.296,1.0,12620.0,-0.0040000000000000036,0.0040000000000000036,1.3333333333333346,1,1,17.87,1.0,12808.0,-0.129999999999999,0.129999999999999,0.7222222222222168,1,1,4,0.08800000000000001,0.06210072463345335,0.021,0.184,0.08800000000000001,0.06210072463345335,0.10770561730940499,0.08800000000000001,1.0,4,0,1.0,1.0,0,3362.0,10095.0,0,4,0.1385,0.0841442214296383,0.025,0.261,0.1385,0.0841442214296383,0.16205708870641852,0.1385,1.0,4,0,1.0,1.0,0,24712.0,27185.0,0
14,14,power_law,4.578,1.0,8744.0,-0.4219999999999997,0.4219999999999997,8.439999999999994,1,1,1.981,1.0,11359.0,-0.018999999999999906,0.018999999999999906,0.9499999999999953,1,1,0.01,1.0,25285.0,0.0,0.0,0.0,1,1,0.318,1.0,13376.0,0.018000000000000016,0.018000000000000016,6.000000000000005,1,1,14.445,1.0,10528.0,-3.5549999999999997,3.5549999999999997,19.749999999999996,0,1,4,0.18925,0.05043993953208113,0.142,0.265,0.18925,0.05043993953208113,0.19585645253603465,0.18925,1.0,4,0,1.0,1.0,0,2724.0,3779.5,0,4,-0.15974999999999998,0.2420096847235664,-0.481,0.187,-0.15974999999999998,0.2420096847235664,0.28998060279956656,0.25325000000000003,1.0,4,0,1.0,1.0,0,5283.0,9801.0,0
15,15,power_law,4.647,1.0,10088.0,-0.35299999999999976,0.35299999999999976,7.059999999999995,1,1,2.028,1.0,12336.0,0.028000000000000025,0.028000000000000025,1.4000000000000012,1,1,0.021,1.0,34066.0,0.011000000000000001,0.011000000000000001,110.00000000000001,1,1,0.334,1.0,28406.0,0.03400000000000003,0.03400000000000003,11.333333333333345,1,1,18.24,1.0,22499.0,0.23999999999999844,0.23999999999999844,1.3333333333333246,1,1,4,0.19075,0.10838213644323497,0.054,0.342,0.19075,0.10838213644323497,0.21939063334609343,0.19075,1.0,4,0,1.0,1.0,0,5518.0,7637.25,0,4,-0.04675,0.10168425394327284,-0.184,0.054,-0.04675,0.10168425394327284,0.11191626334005259,0.09775,1.0,4,0,1.0,1.0,0,17953.0,21386.75,0
16,16,power_law,4.563,1.0,8758.0,-0.4370000000000003,0.4370000000000003,8.740000000000006,1,1,2.058,1.0,12286.0,0.05799999999999983,0.05799999999999983,2.8999999999999915,1,1,0.003,1.0,19045.0,-0.007,0.007,70.0,1,1,0.312,1.0,27960.0,0.01200000000000001,0.01200000000000001,4.0000000000000036,1,1,18.754,1.0,15729.0,0.7540000000000013,0.7540000000000013,4.188888888888896,1,1,4,0.26625,0.21508995211306361,0.097,0.624,0.26625,0.21508995211306361,0.34227583905382514,0.26625,1.0,4,0,1.0,1.0,0,1363.0,3555.75,0,4,0.08124999999999998,0.5098227020249294,-0.533,0.837,0.08124999999999998,0.5098227020249294,0.5162564769569482,0.44325,1.0,4,0,1.0,1.0,0,22644.0,22950.0,0
17,17,power_law,2.83,1.0,10167.0,-2.17,2.17,43.4,0,1,1.684,1.0,12011.0,-0.31600000000000006,0.31600000000000006,15.800000000000002,0,1,0.029,1.0,17997.0,0.019000000000000003,0.019000000000000003,190.00000000000003,0,1,0.292,1.0,20072.0,-0.008000000000000007,0.008000000000000007,2.666666666666669,1,1,17.487,1.0,16988.0,-0.5130000000000017,0.5130000000000017,2.8500000000000094,1,1,4,0.11850000000000001,0.11117890987053256,0.011,0.303,0.11850000000000001,0.11117890987053256,0.16248999969228875,0.11850000000000001,1.0,4,0,1.0025,1.01,0,604.0,3523.0,0,4,0.08449999999999999,0.08232405480781423,-0.005,0.202,0.08449999999999999,0.08232405480781423,0.11797245441203638,0.087,1.0,4,0,1.0,1.0,0,15039.0,18478.25,0
18,18,power_law,4.47,1.0,10542.0,-0.5300000000000002,0.5300000000000002,10.600000000000005,1,1,2.037,1.0,13133.0,0.03699999999999992,0.03699999999999992,1.849999999999996,1,1,0.018,1.0,23123.0,0.007999999999999998,0.007999999999999998,79.99999999999999,1,1,0.37,1.0,29728.0,0.07,0.07,23.333333333333336,0,1,18.086,1.0,6220.0,0.08599999999999852,0.08599999999999852,0.4777777777777696,1,1,4,0.3145,0.2986775016635836,0.087,0.824,0.3145,0.2986775016635836,0.4337262961822813,0.3145,1.0,4,0,1.0025,1.01,0,578.0,7532.0,0,4,0.25975000000000004,0.3186231119991141,-0.107,0.661,0.25975000000000004,0.3186231119991141,0.4110848452570345,0.31325000000000003,1.0,4,0,1.0,1.0,0,14815.0,19882.75,0
19,19,power_law,4.711,1.0,11371.0,-0.2889999999999997,0.2889999999999997,5.779999999999994,1,1,2.135,1.0,13803.0,0.1349999999999998,0.1349999999999998,6.749999999999989,1,1,0.018,1.0,20033.0,0.007999999999999998,0.007999999999999998,79.99999999999999,1,1,0.354,1.0,24652.0,0.05399999999999999,0.05399999999999999,18.0,0,1,19.764,1.0,23404.0,1.7639999999999993,1.7639999999999993,9.799999999999995,1,1,4,0.23299999999999996,0.04885181675229694,0.172,0.307,0.23299999999999996,0.04885181675229694,0.23806616727288235,0.23299999999999996,1.0,4,0,1.0,1.0,0,777.0,3069.25,0,4,-0.33175,0.2383488776982178,-0.718,-0.118,-0.33175,0.2383488776982178,0.4084951040098278,0.33175,1.0,4,0,1.0,1.0,0,18607.0,19554.5,0
20,20,power_law,4.289,1.0,10052.0,-0.7110000000000003,0.7110000000000003,14.220000000000004,1,1,2.01,1.0,13153.0,0.009999999999999787,0.009999999999999787,0.49999999999998934,1,1,0.01,1.0,26056.0,0.0,0.0,0.0,1,1,0.316,1.0,26835.0,0.016000000000000014,0.016000000000000014,5.333333333333338,1,1,20.272,1.0,23792.0,2.2719999999999985,2.2719999999999985,12.622222222222213,1,1,4,0.22625,0.07588601649843008,0.111,0.323,0.22625,0.07588601649843008,0.23863727705452895,0.22625,1.0,4,0,1.0,1.0,0,4096.0,5536.25,0,4,-0.19025000000000003,0.39034495961905286,-0.793,0.184,-0.19025000000000003,0.39034495961905286,0.43423985307661483,0.34425000000000006,1.0,4,0,1.0,1.0,0,23978.0,25360.75,0
21,21,power_law,3.278,1.0,10843.0,-1.722,1.722,34.44,0,1,1.772,1.0,13793.0,-0.22799999999999998,0.22799999999999998,11.399999999999999,1,1,0.026,1.0,18924.0,0.016,0.016,160.0,1,1,0.278,1.0,22829.0,-0.021999999999999964,0.021999999999999964,7.333333333333322,1,1,17.679,1.0,24526.0,-0.3210000000000015,0.3210000000000015,1.7833333333333417,1,1,4,0.13325,0.043762855254199304,0.097,0.208,0.13325,0.043762855254199304,0.14025245095897612,0.13325,1.0,4,0,1.0,1.0,0,3888.0,7236.5,0,4,-0.19575,0.19193797826381312,-0.386,0.118,-0.19575,0.19193797826381312,0.27415005015502003,0.25475000000000003,1.0,4,0,1.0,1.0,0,14649.0,20362.0,0
22,22,power_law,3.304,1.0,7856.0,-1.6960000000000002,1.6960000000000002,33.92000000000001,1,1,1.783,1.0,9690.0,-0.21700000000000008,0.21700000000000008,10.850000000000005,1,1,0.024,1.0,1297.0,0.014,0.014,140.0,1,1,0.351,1.0,31094.0,0.05099999999999999,0.05099999999999999,17.0,0,1,18.155,1.0,26779.0,0.15500000000000114,0.15500000000000114,0.8611111111111174,1,1,4,0.11499999999999999,0.03755662391642784,0.056,0.15,0.11499999999999999,0.03755662391642784,0.12097727059245468,0.11499999999999999,1.0,4,0,1.0,1.0,0,3554.0,8136.0,0,4,-0.016999999999999987,0.3650362995648515,-0.353,0.572,-0.016999999999999987,0.3650362995648515,0.3654319362070042,0.30299999999999994,1.0,4,0,1.0,1.0,0,2788.0,15871.25,0
23,23,power_law,2.762,1.0,8904.0,-2.238,2.238,44.76,0,1,1.684,1.0,12006.0,-0.31600000000000006,0.31600000000000006,15.800000000000002,0,1,0.003,1.0,8188.0,-0.007,0.007,70.0,1,1,0.316,1.0,24955.0,0.016000000000000014,0.016000000000000014,5.333333333333338,1,1,17.832,1.0,27922.0,-0.16799999999999926,0.16799999999999926,0.9333333333333292,1,1,4,0.12825,0.03594700961137101,0.082,0.182,0.12825,0.03594700961137101,0.13319252982055713,0.12825,1.0,4,0,1.0,1.0,0,2991.0,5115.75,0,4,-0.1535,0.19718329036710996,-0.442,0.115,-0.1535,0.19718329036710996,0.2498869744504503,0.211,1.0,4,0,1.0,1.0,0,22835.0,26930.0,0
24,24,power_law,3.601,1.0,7897.0,-1.399,1.399,27.98,1,1,1.812,1.0,9927.0,-0.18799999999999994,0.18799999999999994,9.399999999999997,1,1,0.013,1.0,14673.0,0.002999999999999999,0.002999999999999999,29.999999999999993,1,1,0.278,1.0,22938.0,-0.021999999999999964,0.021999999999999964,7.333333333333322,1,1,19.634,1.0,19010.0,1.6340000000000003,1.6340000000000003,9.07777777777778,1,1,4,0.1605,0.13609279922170756,0.052,0.391,0.1605,0.13609279922170756,0.21043169913299659,0.1605,1.0,4,0,1.0,1.0,0,850.0,8048.25,0,4,-0.028999999999999998,0.12515989773086267,-0.146,0.16,-0.028999999999999998,0.12515989773086267,0.12847567863218315,0.11300000000000002,1.0,4,0,1.0,1.0,0,11691.0,18044.25,0
25,25,power_law,2.892,1.0,5009.0,-2.108,2.108,42.160000000000004,0,1,1.703,1.0,1600.0,-0.29699999999999993,0.29699999999999993,14.849999999999996,0,1,0.014,1.02,302.0,0.004,0.004,40.0,1,0,0.303,1.01,367.0,0.0030000000000000027,0.0030000000000000027,1.0000000000000009,1,1,17.578,1.0,1596.0,-0.4220000000000006,0.4220000000000006,2.3444444444444477,1,1,4,0.11199999999999999,0.0629563340737054,0.01,0.172,0.11199999999999999,0.0629563340737054,0.128481516180344,0.11199999999999999,1.0,4,0,1.0,1.0,0,3117.0,4927.5,0,4,0.05050000000000001,0.21061160936662537,-0.142,0.404,0.05050000000000001,0.21061160936662537,0.21658139347598632,0.154,1.0,4,0,1.0025,1.01,0,10665.0,19577.25,0
26,26,power_law,3.777,1.0,10951.0,-1.2229999999999999,1.2229999999999999,24.459999999999997,1,1,1.843,1.0,13931.0,-0.15700000000000003,0.15700000000000003,7.850000000000001,1,1,0.014,1.0,27861.0,0.004,0.004,40.0,1,1,0.324,1.0,32457.0,0.02400000000000002,0.02400000000000002,8.000000000000007,1,1,17.529,1.0,25054.0,-0.4710000000000001,0.4710000000000001,2.616666666666667,1,1,4,0.18925,0.05287898921121697,0.123,0.267,0.18925,0.05287898921121697,0.1964987277312502,0.18925,1.0,4,0,1.0,1.0,0,5015.0,7040.0,0,4,-0.0845,0.24109593526229348,-0.396,0.273,-0.0845,0.24109593526229348,0.2554750477052505,0.22100000000000003,1.0,4,0,1.0,1.0,0,19394.0,22877.0,0
27,27,power_law,4.706,1.0,10092.0,-0.2939999999999996,0.2939999999999996,5.879999999999992,1,1,2.154,1.0,12441.0,0.15399999999999991,0.15399999999999991,7.699999999999996,1,1,0.007,1.0,19278.0,-0.003,0.003,30.0,1,1,0.319,1.0,22839.0,0.019000000000000017,0.019000000000000017,6.333333333333339,1,1,22.182,1.0,24017.0,4.181999999999999,4.181999999999999,23.233333333333324,1,1,4,0.227,0.12509396468255374,0.08,0.425,0.227,0.12509396468255374,0.2591862264858995,0.227,1.0,4,0,1.0,1.0,0,2223.0,5351.75,0,4,-0.25025,0.1932115097503252,-0.527,0.003,-0.25025,0.1932115097503252,0.31615779288197216,0.25175,1.0,4,0,1.0,1.0,0,18614.0,20667.0,0
28,28,power_law,3.864,1.0,11359.0,-1.1360000000000001,1.1360000000000001,22.720000000000002,1,1,1.82,1.0,12607.0,-0.17999999999999994,0.17999999999999994,8.999999999999996,1,1,0.007,1.0,33248.0,-0.003,0.003,30.0,1,1,0.341,1.0,32168.0,0.041000000000000036,0.041000000000000036,13.66666666666668,1,1,17.89,1.0,24126.0,-0.10999999999999943,0.10999999999999943,0.6111111111111079,1,1,4,0.20950000000000002,0.10145072695648859,0.09,0.37,0.20950000000000002,0.10145072695648859,0.2327713470339509,0.20950000000000002,1.0,4,0,1.0,1.0,0,3082.0,6695.5,0,4,-0.05125000000000002,0.4508100348262004,-0.786,0.403,-0.05125000000000002,0.4508100348262004,0.45371384153450733,0.35575,1.0,4,0,1.0,1.0,0,17315.0,22986.0,0
29,29,power_law,3.693,1.0,10546.0,-1.307,1.307,26.139999999999997,1,1,1.969,1.0,13805.0,-0.030999999999999917,0.030999999999999917,1.5499999999999958,1,1,0.014,1.0,28714.0,0.004,0.004,40.0,1,1,0.326,1.0,29577.0,0.026000000000000023,0.026000000000000023,8.666666666666675,1,1,21.998,1.0,25765.0,3.998000000000001,3.998000000000001,22.21111111111112,1,1,4,0.13025,0.053391829899339466,0.071,0.214,0.13025,0.053391829899339466,0.14076842685772972,0.13025,1.0,4,0,1.0,1.0,0,3712.0,5857.75,0,4,0.23825,0.1582266965464425,-0.016,0.419,0.23825,0.1582266965464425,0.28600480765189945,0.24625,1.0,4,0,1.0,1.0,0,27310.0,28453.75,0
30,30,power_law,2.818,1.0,12068.0,-2.182,2.182,43.64,0,1,1.59,1.0,15376.0,-0.4099999999999999,0.4099999999999999,20.499999999999996,0,1,0.006,1.0,29141.0,-0.004,0.004,40.0,1,1,0.271,1.0,32277.0,-0.02899999999999997,0.02899999999999997,9.666666666666657,1,1,14.387,1.0,22998.0,-3.6129999999999995,3.6129999999999995,20.07222222222222,0,1,4,0.1385,0.06722536723588797,0.056,0.235,0.1385,0.06722536723588797,0.1539529148798424,0.1385,1.0,4,0,1.0,1.0,0,3514.0,8998.75,0,4,0.052000000000000005,0.2511304441918582,-0.202,0.457,0.052000000000000005,0.2511304441918582,0.2564575988345832,0.20400000000000001,1.0,4,0,1.0,1.0,0,21050.0,24938.75,0
31,31,power_law,4.068,1.0,8844.0,-0.9320000000000004,0.9320000000000004,18.640000000000008,1,1,1.918,1.0,11822.0,-0.08200000000000007,0.08200000000000007,4.100000000000003,1,1,0.01,1.0,22982.0,0.0,0.0,0.0,1,1,0.283,1.0,27335.0,-0.017000000000000015,0.017000000000000015,5.666666666666672,1,1,15.205,1.0,23170.0,-2.795,2.795,15.527777777777777,1,1,4,0.172,0.060625902055144704,0.092,0.247,0.172,0.060625902055144704,0.18237187283131134,0.172,1.0,4,0,1.0,1.0,0,5339.0,9510.5,0,4,0.33125,0.4260465790262844,-0.31,0.881,0.33125,0.4260465790262844,0.5396686483389599,0.48625,0.75,3,0,1.0,1.0,0,13983.0,19950.5,0
32,32,power_law,5.124,1.0,10583.0,0.12399999999999967,0.12399999999999967,2.4799999999999933,1,1,2.098,1.0,13185.0,0.09799999999999986,0.09799999999999986,4.899999999999993,1,1,0.01,1.0,29562.0,0.0,0.0,0.0,1,1,0.305,1.0,26479.0,0.0050000000000000044,0.0050000000000000044,1.6666666666666683,1,1,15.051,1.0,22753.0,-2.949,2.949,16.383333333333333,1,1,4,0.2465,0.08611184587500144,0.156,0.387,0.2465,0.08611184587500144,0.2611082151139638,0.2465,1.0,4,0,1.0,1.0,0,5880.0,7533.5,0,4,-0.20249999999999999,0.29443208045320063,-0.453,0.288,-0.20249999999999999,0.29443208045320063,0.35734647052965274,0.34650000000000003,1.0,4,0,1.0,1.0,0,16168.0,19912.0,0
33,33,power_law,4.373,1.0,9840.0,-0.6269999999999998,0.6269999999999998,12.539999999999996,1,1,1.983,1.0,12279.0,-0.016999999999999904,0.016999999999999904,0.8499999999999952,1,1,0.016,1.0,28063.0,0.006,0.006,60.0,1,1,0.29,1.0,31248.0,-0.010000000000000009,0.010000000000000009,3.3333333333333366,1,1,16.687,1.0,21100.0,-1.3129999999999988,1.3129999999999988,7.294444444444438,1,1,4,0.19275,0.038447204059593204,0.148,0.245,0.19275,0.038447204059593204,0.19654706815417014,0.19275,1.0,4,0,1.0,1.0,0,3259.0,5468.5,0,4,-0.06174999999999999,0.2120322793821733,-0.297,0.196,-0.06174999999999999,0.2120322793821733,0.2208410061560126,0.20825,1.0,4,0,1.0,1.0,0,20322.0,22209.75,0
34,34,power_law,3.182,1.0,7255.0,-1.818,1.818,36.36000000000001,0,1,1.759,1.0,4329.0,-0.2410000000000001,0.2410000000000001,12.050000000000004,1,1,0.017,1.0,28610.0,0.007000000000000001,0.007000000000000001,70.0,1,1,0.304,1.0,6817.0,0.0040000000000000036,0.0040000000000000036,1.3333333333333346,1,1,19.869,1.0,22648.0,1.8689999999999998,1.8689999999999998,10.383333333333331,1,1,4,0.21799999999999997,0.0890758104088871,0.096,0.316,0.21799999999999997,0.0890758104088871,0.23549628447175125,0.21799999999999997,1.0,4,0,1.0,1.0,0,2328.0,3393.0,0,4,0.19575,0.3352956717585242,-0.334,0.488,0.19575,0.3352956717585242,0.38825410493644497,0.36274999999999996,1.0,4,0,1.0,1.0,0,7966.0,19560.75,0
35,35,power_law,3.256,1.0,10426.0,-1.7440000000000002,1.7440000000000002,34.88,1,1,1.683,1.0,13196.0,-0.31699999999999995,0.31699999999999995,15.849999999999998,1,1,0.007,1.0,29780.0,-0.003,0.003,30.0,1,1,0.293,1.0,32953.0,-0.007000000000000006,0.007000000000000006,2.3333333333333357,1,1,15.562,1.0,26104.0,-2.4380000000000006,2.4380000000000006,13.544444444444448,1,1,4,0.17500000000000002,0.05504543577809154,0.101,0.247,0.17500000000000002,0.05504543577809154,0.18345299125389045,0.17500000000000002,1.0,4,0,1.0,1.0,0,5784.0,8015.0,0,4,-0.15475,0.2390265414132916,-0.553,0.08,-0.15475,0.2390265414132916,0.2847476953374689,0.19475,1.0,4,0,1.0,1.0,0,19637.0,21946.0,0
36,36,power_law,2.302,1.0,11589.0,-2.698,2.698,53.959999999999994,0,1,1.558,1.0,13260.0,-0.44199999999999995,0.44199999999999995,22.099999999999998,0,1,0.003,1.0,20431.0,-0.007,0.007,70.0,1,1,0.312,1.0,29197.0,0.01200000000000001,0.01200000000000001,4.0000000000000036,1,1,15.874,1.0,27842.0,-2.1259999999999994,2.1259999999999994,11.811111111111108,1,1,4,0.11475,0.07022241451274658,0.016,0.195,0.11475,0.07022241451274658,0.13453159480211332,0.11475,1.0,4,0,1.0,1.0,0,3445.0,8673.5,0,4,0.1795,0.13915009881419416,0.036,0.402,0.1795,0.13915009881419416,0.22711891158597958,0.1795,1.0,4,0,1.0,1.0,0,23194.0,27465.25,0
37,37,power_law,3.809,1.0,7626.0,-1.1909999999999998,1.1909999999999998,23.819999999999997,1,1,1.986,1.0,11357.0,-0.014000000000000012,0.014000000000000012,0.7000000000000006,1,1,0.013,1.0,20144.0,0.002999999999999999,0.002999999999999999,29.999999999999993,1,1,0.322,1.0,5700.0,0.02200000000000002,0.02200000000000002,7.33333333333334,1,1,20.176,1.0,10071.0,2.1759999999999984,2.1759999999999984,12.08888888888888,1,1,4,0.17775,0.12536222517169995,0.045,0.303,0.17775,0.12536222517169995,0.21751034458158536,0.17775,1.0,4,0,1.0025,1.01,0,564.0,5489.25,0,4,-0.042249999999999996,0.40655957435534584,-0.509,0.546,-0.042249999999999996,0.40655957435534584,0.4087490061149996,0.36975,0.75,3,0,1.0,1.0,0,16224.0,21032.25,0
38,38,power_law,4.855,1.0,9852.0,-0.14499999999999957,0.14499999999999957,2.8999999999999915,1,1,2.037,1.0,12173.0,0.03699999999999992,0.03699999999999992,1.849999999999996,1,1,0.007,1.0,29931.0,-0.003,0.003,30.0,1,1,0.308,1.0,28948.0,0.008000000000000007,0.008000000000000007,2.666666666666669,1,1,15.512,1.0,25739.0,-2.4879999999999995,2.4879999999999995,13.82222222222222,1,1,4,0.1355,0.06383768479511143,0.067,0.218,0.1355,0.06383768479511143,0.1497848456954174,0.1355,1.0,4,0,1.0,1.0,0,7469.0,10177.0,0,4,-0.12100000000000001,0.2151755097588943,-0.406,0.099,-0.12100000000000001,0.2151755097588943,0.24686332250863027,0.208,1.0,4,0,1.0,1.0,0,19561.0,24215.75,0
39,39,power_law,4.496,1.0,10601.0,-0.5039999999999996,0.5039999999999996,10.079999999999991,1,1,1.962,1.0,13327.0,-0.038000000000000034,0.038000000000000034,1.9000000000000017,1,1,0.003,1.0,22183.0,-0.007,0.007,70.0,1,1,0.308,1.0,30403.0,0.008000000000000007,0.008000000000000007,2.666666666666669,1,1,18.157,1.0,24319.0,0.15700000000000003,0.15700000000000003,0.8722222222222223,1,1,4,0.31300000000000006,0.14512580749129358,0.146,0.545,0.31300000000000006,0.14512580749129358,0.3450079709224122,0.31300000000000006,1.0,4,0,1.0,1.0,0,1004.0,4212.25,0,4,0.30175,0.5495113169899234,-0.174,1.237,0.30175,0.5495113169899234,0.6269096824902293,0.38875,0.75,3,0,1.0,1.0,0,20340.0,23331.0,0
40,40,power_law,2.886,1.0,8835.0,-2.114,2.114,42.279999999999994,0,1,1.646,1.0,11055.0,-0.3540000000000001,0.3540000000000001,17.700000000000003,0,1,0.007,1.0,1344.0,-0.003,0.003,30.0,1,1,0.329,1.0,3003.0,0.029000000000000026,0.029000000000000026,9.666666666666677,1,1,19.507,1.0,18562.0,1.5070000000000014,1.5070000000000014,8.37222222222223,1,1,4,0.10325000000000001,0.015943258763502523,0.08,0.119,0.10325000000000001,0.015943258763502523,0.1044736808961951,0.10325000000000001,1.0,4,0,1.0,1.0,0,6152.0,7362.25,0,4,0.11325000000000002,0.3118111407567087,-0.111,0.645,0.11325000000000002,0.3118111407567087,0.3317404859223547,0.22175,1.0,4,0,1.005,1.01,0,394.0,14732.0,1
41,41,power_law,4.185,1.0,4689.0,-0.8150000000000004,0.8150000000000004,16.300000000000008,1,1,1.905,1.0,2185.0,-0.09499999999999997,0.09499999999999997,4.749999999999998,1,1,0.009,1.0,1987.0,-0.0010000000000000009,0.0010000000000000009,10.000000000000009,1,1,0.255,1.0,30348.0,-0.044999999999999984,0.044999999999999984,14.999999999999996,1,1,16.434,1.0,17445.0,-1.565999999999999,1.565999999999999,8.699999999999994,1,1,4,0.30174999999999996,0.1289794072710834,0.151,0.497,0.30174999999999996,0.1289794072710834,0.3281596410285701,0.30174999999999996,1.0,4,0,1.0,1.0,0,1769.0,2136.75,0,4,-0.21275,0.24312381105107744,-0.549,0.138,-0.21275,0.24312381105107744,0.3230661696928355,0.28175,1.0,4,0,1.0,1.0,0,1440.0,8812.5,0
42,42,power_law,4.715,1.0,9452.0,-0.28500000000000014,0.28500000000000014,5.700000000000003,1,1,2.012,1.0,11140.0,0.01200000000000001,0.01200000000000001,0.6000000000000005,1,1,0.013,1.0,11917.0,0.002999999999999999,0.002999999999999999,29.999999999999993,1,1,0.315,1.0,4926.0,0.015000000000000013,0.015000000000000013,5.000000000000004,1,1,14.81,1.0,5826.0,-3.1899999999999995,3.1899999999999995,17.72222222222222,1,1,4,0.19325,0.05845671475544961,0.123,0.261,0.19325,0.05845671475544961,0.20189787022155534,0.19325,1.0,4,0,1.0,1.0,0,3805.0,7625.5,0,4,0.0050000000000000044,0.42566477420618204,-0.474,0.616,0.0050000000000000044,0.42566477420618204,0.42569413902472275,0.39149999999999996,1.0,4,0,1.0,1.0,0,7102.0,18249.0,0
43,43,power_law,4.949,1.0,12667.0,-0.051000000000000156,0.051000000000000156,1.0200000000000031,1,1,2.108,1.0,13644.0,0.1080000000000001,0.1080000000000001,5.400000000000005,1,1,0.016,1.0,33454.0,0.006,0.006,60.0,1,1,0.294,1.0,32549.0,-0.006000000000000005,0.006000000000000005,2.0000000000000018,1,1,17.023,1.0,26266.0,-0.9770000000000003,0.9770000000000003,5.427777777777779,1,1,4,0.39549999999999996,0.21134982848348846,0.119,0.711,0.39549999999999996,0.21134982848348846,0.4484294816356302,0.39549999999999996,1.0,4,0,1.0025,1.01,0,1299.0,5118.25,0,4,-0.3755,0.5651024243444722,-1.063,0.285,-0.3755,0.5651024243444722,0.6784843402761775,0.5515,0.75,3,0,1.0,1.0,0,16044.0,20195.25,0
44,44,power_law,3.505,1.0,10419.0,-1.495,1.495,29.900000000000006,1,1,1.818,1.0,12742.0,-0.18199999999999994,0.18199999999999994,9.099999999999998,1,1,0.014,1.0,33029.0,0.004,0.004,40.0,1,1,0.367,1.0,32156.0,0.067,0.067,22.333333333333336,0,1,18.317,1.0,20731.0,0.31700000000000017,0.31700000000000017,1.761111111111112,1,1,4,0.17125,0.08628839725015178,0.042,0.272,0.17125,0.08628839725015178,0.19176091885470303,0.17125,1.0,4,0,1.0,1.0,0,4198.0,7433.25,0,4,-0.09525,0.12237314860703717,-0.271,0.075,-0.09525,0.12237314860703717,0.15507336973187885,0.13275,1.0,4,0,1.0,1.0,0,23872.0,25519.75,0
45,45,power_law,3.678,1.0,9008.0,-1.322,1.322,26.44,1,1,1.886,1.0,10424.0,-0.1140000000000001,0.1140000000000001,5.700000000000005,1,1,0.007,1.0,28386.0,-0.003,0.003,30.0,1,1,0.292,1.0,29341.0,-0.008000000000000007,0.008000000000000007,2.666666666666669,1,1,17.925,1.0,19727.0,-0.07499999999999929,0.07499999999999929,0.41666666666666274,1,1,4,0.125,0.07219071962517065,0.041,0.236,0.125,0.07219071962517065,0.14434853653570584,0.125,1.0,4,0,1.0,1.0,0,3269.0,6123.5,0,4,0.012249999999999997,0.15850611186954275,-0.164,0.249,0.012249999999999997,0.15850611186954275,0.15897877216785894,0.14125,1.0,4,0,1.0,1.0,0,16872.0,21518.5,0
46,46,power_law,3.847,1.0,4681.0,-1.153,1.153,23.06,1,1,1.859,1.0,3740.0,-0.14100000000000001,0.14100000000000001,7.050000000000001,1,1,0.013,1.0,18048.0,0.002999999999999999,0.002999999999999999,29.999999999999993,1,1,0.307,1.0,22255.0,0.007000000000000006,0.007000000000000006,2.3333333333333357,1,1,16.879,1.0,15076.0,-1.1209999999999987,1.1209999999999987,6.22777777777777,1,1,4,0.1975,0.12269576194799885,0.065,0.381,0.1975,0.12269576194799885,0.2325091396053067,0.1975,1.0,4,0,1.0,1.0,0,1353.0,4014.25,0,4,-0.042749999999999996,0.11615587587375854,-0.215,0.077,-0.042749999999999996,0.11615587587375854,0.12377297766475523,0.10575000000000001,1.0,4,0,1.0,1.0,0,1761.0,5394.0,0
47,47,power_law,4.391,1.0,9315.0,-0.609,0.609,12.18,1,1,2.063,1.0,12074.0,0.06300000000000017,0.06300000000000017,3.1500000000000083,1,1,0.027,1.0,16324.0,0.017,0.017,170.00000000000003,1,1,0.329,1.0,20930.0,0.029000000000000026,0.029000000000000026,9.666666666666677,1,1,20.191,1.0,26477.0,2.190999999999999,2.190999999999999,12.172222222222215,1,1,4,0.28150000000000003,0.20309418997105752,0.125,0.63,0.28150000000000003,0.20309418997105752,0.347115974855667,0.28150000000000003,1.0,4,0,1.0025,1.01,0,357.0,4479.5,1,4,0.040750000000000015,0.3809208415143493,-0.592,0.401,0.040750000000000015,0.3809208415143493,0.3830943095374819,0.33675,1.0,4,0,1.0,1.0,0,17395.0,21244.0,0
48,48,power_law,3.572,1.0,12454.0,-1.428,1.428,28.559999999999995,1,1,1.825,1.0,15091.0,-0.17500000000000004,0.17500000000000004,8.750000000000002,1,1,0.016,1.0,46230.0,0.006,0.006,60.0,1,1,0.295,1.0,37621.0,-0.0050000000000000044,0.0050000000000000044,1.6666666666666683,1,1,18.355,1.0,33705.0,0.3550000000000004,0.3550000000000004,1.9722222222222245,1,1,4,0.22374999999999998,0.15418880471681462,0.047,0.382,0.22374999999999998,0.15418880471681462,0.27173194512239446,0.22374999999999998,1.0,4,0,1.0,1.0,0,1698.0,8041.75,0,4,0.155,0.20285093048837616,-0.136,0.426,0.155,0.20285093048837616,0.25529101041752333,0.223,0.75,3,0,1.0,1.0,0,22367.0,29013.75,0
49,49,power_law,3.97,1.0,10423.0,-1.0299999999999998,1.0299999999999998,20.599999999999994,1,1,1.987,1.0,13044.0,-0.0129999999999999,0.0129999999999999,0.649999999999995,1,1,0.003,1.0,26181.0,-0.007,0.007,70.0,1,1,0.306,1.0,35410.0,0.006000000000000005,0.006000000000000005,2.0000000000000018,1,1,19.078,1.0,24467.0,1.0779999999999994,1.0779999999999994,5.988888888888885,1,1,4,0.092,0.04937104414532875,0.03,0.168,0.092,0.04937104414532875,0.10441024853911612,0.092,1.0,4,0,1.0,1.0,0,6962.0,9061.25,0,4,-0.16325,0.28316017993354925,-0.601,0.11,-0.16325,0.28316017993354925,0.32684897123901124,0.24925000000000003,1.0,4,0,1.0,1.0,0,15863.0,26844.75,0
50,50,power_law,4.726,1.0,4896.0,-0.274,0.274,5.48,1,1,2.065,1.0,5085.0,0.06499999999999995,0.06499999999999995,3.2499999999999973,1,1,0.029,1.0,23320.0,0.019000000000000003,0.019000000000000003,190.00000000000003,0,1,0.284,1.0,10685.0,-0.016000000000000014,0.016000000000000014,5.333333333333338,1,1,15.96,1.0,6550.0,-2.039999999999999,2.039999999999999,11.333333333333329,1,1,4,0.29125,0.10265080369875339,0.146,0.389,0.29125,0.10265080369875339,0.308810216799898,0.29125,1.0,4,0,1.0,1.0,0,2492.0,4758.75,0,4,-0.25925,0.23849462782209582,-0.606,0.068,-0.25925,0.23849462782209582,0.35226446031355474,0.29325,1.0,4,0,1.0,1.0,0,14702.0,16093.25,0
51,51,power_law,4.082,1.01,913.0,-0.9180000000000001,0.9180000000000001,18.360000000000003,1,1,1.828,1.0,2000.0,-0.17199999999999993,0.17199999999999993,8.599999999999996,1,1,0.01,1.01,20161.0,0.0,0.0,0.0,1,1,0.291,1.0,18712.0,-0.009000000000000008,0.009000000000000008,3.0000000000000027,1,1,13.83,1.0,13332.0,-4.17,4.17,23.166666666666664,0,1,4,0.28125,0.11835618910728748,0.077,0.365,0.28125,0.11835618910728748,0.3051389027967427,0.28125,1.0,4,0,1.005,1.01,0,650.0,3011.75,0,4,0.0004999999999999935,0.23554458176744378,-0.231,0.366,0.0004999999999999935,0.23554458176744378,0.23554511245194623,0.20600000000000002,1.0,4,0,1.0025,1.01,0,789.0,3211.0,0
52,52,power_law,2.983,1.0,9592.0,-2.017,2.017,40.339999999999996,0,1,1.72,1.0,11460.0,-0.28,0.28,14.000000000000002,1,1,0.009,1.0,31618.0,-0.0010000000000000009,0.0010000000000000009,10.000000000000009,1,1,0.25,1.0,21024.0,-0.04999999999999999,0.04999999999999999,16.666666666666664,0,1,18.354,1.0,24907.0,0.3539999999999992,0.3539999999999992,1.9666666666666623,1,1,4,0.066,0.035658098659350865,0.029,0.113,0.066,0.035658098659350865,0.07501666481522622,0.066,1.0,4,0,1.0,1.0,0,5081.0,9255.75,0,4,-0.131,0.04819232304008596,-0.19,-0.083,-0.131,0.04819232304008596,0.13958330845770922,0.131,1.0,4,0,1.0,1.0,0,16543.0,23527.0,0
53,53,power_law,4.139,1.0,10004.0,-0.8609999999999998,0.8609999999999998,17.219999999999995,1,1,1.976,1.0,12981.0,-0.02400000000000002,0.02400000000000002,1.200000000000001,1,1,0.016,1.0,12013.0,0.006,0.006,60.0,1,1,0.274,1.0,27239.0,-0.025999999999999968,0.025999999999999968,8.666666666666655,1,1,17.905,1.0,23964.0,-0.09499999999999886,0.09499999999999886,0.5277777777777715,1,1,4,0.22574999999999998,0.08873661870952713,0.084,0.329,0.22574999999999998,0.08873661870952713,0.24256390910438427,0.22574999999999998,1.0,4,0,1.0,1.0,0,2856.0,5661.25,0,4,0.0062500000000000056,0.264181164165805,-0.303,0.308,0.0062500000000000056,0.264181164165805,0.2642550850977139,0.26025,1.0,4,0,1.0,1.0,0,22126.0,23834.0,0
54,54,power_law,4.795,1.0,10003.0,-0.20500000000000007,0.20500000000000007,4.100000000000001,1,1,2.092,1.0,12126.0,0.09200000000000008,0.09200000000000008,4.600000000000004,1,1,0.013,1.0,25937.0,0.002999999999999999,0.002999999999999999,29.999999999999993,1,1,0.286,1.0,23750.0,-0.014000000000000012,0.014000000000000012,4.666666666666671,1,1,17.225,1.0,24906.0,-0.7749999999999986,0.7749999999999986,4.305555555555548,1,1,4,0.2895,0.17295158282016385,0.164,0.584,0.2895,0.17295158282016385,0.3372276679040437,0.2895,1.0,4,0,1.0,1.0,0,2244.0,5457.25,0,4,0.06825,0.2776971146771245,-0.267,0.466,0.06825,0.2776971146771245,0.2859610987529598,0.25025000000000003,1.0,4,0,1.0,1.0,0,14628.0,20234.0,0
55,55,power_law,4.991,1.0,9173.0,-0.009000000000000341,0.009000000000000341,0.18000000000000682,1,1,2.151,1.0,11187.0,0.1509999999999998,0.1509999999999998,7.54999999999999,1,1,0.007,1.0,16098.0,-0.003,0.003,30.0,1,1,0.287,1.0,28855.0,-0.013000000000000012,0.013000000000000012,4.3333333333333375,1,1,19.521,1.0,23643.0,1.5210000000000008,1.5210000000000008,8.450000000000005,1,1,4,0.27375,0.11877578667388398,0.151,0.469,0.27375,0.11877578667388398,0.2984070206948891,0.27375,1.0,4,0,1.0,1.0,0,2902.0,5519.75,0,4,-0.252,0.387732510888628,-0.874,0.174,-0.252,0.387732510888628,0.4624289134558954,0.33899999999999997,0.75,3,0,1.0,1.0,0,17831.0,21611.0,0
56,56,power_law,3.923,1.0,8258.0,-1.077,1.077,21.54,1,1,1.741,1.0,10249.0,-0.2589999999999999,0.2589999999999999,12.949999999999996,1,1,0.013,1.0,17874.0,0.002999999999999999,0.002999999999999999,29.999999999999993,1,1,0.296,1.0,18889.0,-0.0040000000000000036,0.0040000000000000036,1.3333333333333346,1,1,15.464,1.0,18944.0,-2.5359999999999996,2.5359999999999996,14.088888888888887,1,1,4,0.14975,0.07617865514696359,0.094,0.28,0.14975,0.07617865514696359,0.16801264833339186,0.14975,1.0,4,0,1.0,1.0,0,5900.0,8227.0,0,4,0.12275000000000001,0.044617121153207547,0.08,0.191,0.12275000000000001,0.044617121153207547,0.1306072356341715,0.12275000000000001,1.0,4,0,1.0,1.0,0,4293.0,12986.5,0
57,57,power_law,4.531,1.0,11162.0,-0.4690000000000003,0.4690000000000003,9.380000000000006,1,1,2.037,1.0,13931.0,0.03699999999999992,0.03699999999999992,1.849999999999996,1,1,0.022,1.0,26060.0,0.011999999999999999,0.011999999999999999,119.99999999999997,1,1,0.268,1.0,31346.0,-0.03199999999999997,0.03199999999999997,10.666666666666657,1,1,19.567,1.0,26841.0,1.5670000000000002,1.5670000000000002,8.705555555555557,1,1,4,0.15825000000000003,0.10272870825626107,0.045,0.32,0.15825000000000003,0.10272870825626107,0.18866968489929695,0.15825000000000003,1.0,4,0,1.0,1.0,0,5604.0,10613.5,0,4,-0.07275000000000001,0.2466286429026442,-0.447,0.156,-0.07275000000000001,0.2466286429026442,0.2571346923306927,0.22175,1.0,4,0,1.0,1.0,0,22345.0,24873.0,0
58,58,power_law,4.095,1.0,7419.0,-0.9050000000000002,0.9050000000000002,18.100000000000005,1,1,1.995,1.0,3110.0,-0.004999999999999893,0.004999999999999893,0.24999999999999467,1,1,0.01,1.0,7344.0,0.0,0.0,0.0,1,1,0.278,1.0,17329.0,-0.021999999999999964,0.021999999999999964,7.333333333333322,1,1,18.986,1.0,2389.0,0.9860000000000007,0.9860000000000007,5.477777777777781,1,1,4,0.25475000000000003,0.12175872658663937,0.116,0.441,0.25475000000000003,0.12175872658663937,0.2823521737121923,0.25475000000000003,1.0,4,0,1.0025,1.01,0,956.0,2205.25,0,4,-0.045500000000000006,0.16760891981037288,-0.309,0.157,-0.045500000000000006,0.16760891981037288,0.17367498380595864,0.124,1.0,4,0,1.0025,1.01,0,927.0,5144.75,0
59,59,power_law,4.017,1.02,9321.0,-0.9829999999999997,0.9829999999999997,19.659999999999993,1,0,1.799,1.03,11482.0,-0.20100000000000007,0.20100000000000007,10.050000000000004,1,0,0.014,1.07,35.0,0.004,0.004,40.0,1,0,0.296,1.01,423.0,-0.0040000000000000036,0.0040000000000000036,1.3333333333333346,1,1,14.002,1.08,32.0,-3.9979999999999993,3.9979999999999993,22.211111111111105,0,0,4,0.3245,0.14227174701956816,0.13,0.531,0.3245,0.14227174701956816,0.3543183596710732,0.3245,1.0,4,0,1.0350000000000001,1.09,3,2712.0,4955.5,0,4,-0.115,0.32293884870049316,-0.415,0.41,-0.115,0.32293884870049316,0.3428038797913466,0.32,1.0,4,0,1.0225,1.03,4,78.0,7268.0,2
60,60,power_law,3.218,1.0,6978.0,-1.782,1.782,35.64,0,1,1.748,1.0,10425.0,-0.252,0.252,12.6,1,1,0.013,1.0,23219.0,0.002999999999999999,0.002999999999999999,29.999999999999993,1,1,0.29,1.0,15731.0,-0.010000000000000009,0.010000000000000009,3.3333333333333366,1,1,18.319,1.0,15978.0,0.31899999999999906,0.31899999999999906,1.772222222222217,1,1,4,0.15875,0.08928710713199303,0.051,0.298,0.15875,0.08928710713199303,0.18213662454322577,0.15875,1.0,4,0,1.0,1.0,0,1094.0,4882.0,0,4,0.182,0.18137116639642586,-0.047,0.461,0.182,0.18137116639642586,0.2569426005939848,0.20550000000000002,0.75,3,0,1.0,1.0,0,13884.0,19343.75,0
61,61,power_law,2.657,1.0,10178.0,-2.343,2.343,46.86,0,1,1.671,1.0,12388.0,-0.32899999999999996,0.32899999999999996,16.45,0,1,0.01,1.0,27392.0,0.0,0.0,0.0,1,1,0.311,1.0,20958.0,0.01100000000000001,0.01100000000000001,3.66666666666667,1,1,18.922,1.0,22424.0,0.9220000000000006,0.9220000000000006,5.122222222222225,1,1,4,0.15725,0.09739449419756746,0.028,0.276,0.15725,0.09739449419756746,0.18496824051712232,0.15725,1.0,4,0,1.0,1.0,0,1341.0,8572.25,0,4,-0.04825,0.31006642433517373,-0.362,0.44,-0.04825,0.31006642433517373,0.31379810388209806,0.26825,0.75,3,0,1.0,1.0,0,20482.0,22873.5,0
62,62,power_law,3.937,1.0,10466.0,-1.0630000000000002,1.0630000000000002,21.260000000000005,1,1,1.915,1.0,10873.0,-0.08499999999999996,0.08499999999999996,4.249999999999998,1,1,0.009,1.0,24091.0,-0.0010000000000000009,0.0010000000000000009,10.000000000000009,1,1,0.266,1.0,14743.0,-0.033999999999999975,0.033999999999999975,11.333333333333325,1,1,18.973,1.0,11614.0,0.972999999999999,0.972999999999999,5.40555555555555,1,1,4,0.12,0.029757352032733025,0.096,0.17,0.12,0.029757352032733025,0.12363454209888108,0.12,1.0,4,0,1.0,1.0,0,3602.0,5999.0,0,4,-0.20425000000000001,0.22667418798795771,-0.488,0.13,-0.20425000000000001,0.22667418798795771,0.3051216970325119,0.26925,1.0,4,0,1.0,1.0,0,9829.0,13198.25,0
63,63,power_law,3.499,1.0,11297.0,-1.501,1.501,30.019999999999996,1,1,1.843,1.0,13936.0,-0.15700000000000003,0.15700000000000003,7.850000000000001,1,1,0.013,1.0,30964.0,0.002999999999999999,0.002999999999999999,29.999999999999993,1,1,0.295,1.0,29253.0,-0.0050000000000000044,0.0050000000000000044,1.6666666666666683,1,1,18.916,1.0,24945.0,0.9160000000000004,0.9160000000000004,5.08888888888889,1,1,4,0.31575,0.2100623419368641,0.143,0.66,0.31575,0.2100623419368641,0.3792416775619473,0.31575,1.0,4,0,1.0025,1.01,0,200.0,4574.25,1,4,-0.09275,0.1274664171458506,-0.228,0.116,-0.09275,0.1274664171458506,0.15763962065419973,0.15075,1.0,4,0,1.0,1.0,0,20429.0,23001.0,0
64,64,power_law,4.248,1.0,9323.0,-0.7519999999999998,0.7519999999999998,15.039999999999996,1,1,2.041,1.0,11067.0,0.040999999999999925,0.040999999999999925,2.0499999999999963,1,1,0.006,1.0,30968.0,-0.004,0.004,40.0,1,1,0.268,1.0,38023.0,-0.03199999999999997,0.03199999999999997,10.666666666666657,1,1,18.44,1.0,27238.0,0.4400000000000013,0.4400000000000013,2.4444444444444513,1,1,4,0.17575,0.02734387499971429,0.146,0.205,0.17575,0.02734387499971429,0.17786441465340955,0.17575,1.0,4,0,1.0,1.0,0,4283.0,5485.25,0,4,-0.16425,0.1654816832764279,-0.438,0.007,-0.16425,0.1654816832764279,0.2331571358547707,0.16775,1.0,4,0,1.0,1.0,0,17629.0,20565.25,0
65,65,power_law,6.145,1.0,10657.0,1.1449999999999996,1.1449999999999996,22.89999999999999,1,1,2.36,1.0,11497.0,0.3599999999999999,0.3599999999999999,17.999999999999993,1,1,0.013,1.0,27889.0,0.002999999999999999,0.002999999999999999,29.999999999999993,1,1,0.264,1.0,21724.0,-0.035999999999999976,0.035999999999999976,11.999999999999993,1,1,19.319,1.0,22249.0,1.318999999999999,1.318999999999999,7.327777777777772,1,1,4,0.29725,0.15153609306036633,0.101,0.524,0.29725,0.15153609306036633,0.3336476434803639,0.29725,1.0,4,0,1.0,1.0,0,3590.0,6610.25,0,4,-0.507,0.28032748705754845,-0.877,-0.094,-0.507,0.28032748705754845,0.5793379842544418,0.507,0.75,3,0,1.0,1.0,0,13592.0,16393.5,0
66,66,power_law,4.553,1.0,8457.0,-0.44700000000000006,0.44700000000000006,8.940000000000001,1,1,1.979,1.0,11858.0,-0.020999999999999908,0.020999999999999908,1.0499999999999954,1,1,0.02,1.0,16788.0,0.01,0.01,100.0,1,1,0.302,1.0,15705.0,0.0020000000000000018,0.0020000000000000018,0.6666666666666673,1,1,15.239,1.0,22503.0,-2.7609999999999992,2.7609999999999992,15.338888888888885,1,1,4,0.21250000000000002,0.030070749907509794,0.184,0.263,0.21250000000000002,0.030070749907509794,0.21461710090298022,0.21250000000000002,1.0,4,0,1.0,1.0,0,2212.0,5080.75,0,4,-0.35550000000000004,0.23463002791629212,-0.687,-0.12,-0.35550000000000004,0.23463002791629212,0.42594776675080714,0.35550000000000004,1.0,4,0,1.0,1.0,0,14882.0,17950.0,0
67,67,power_law,4.888,1.0,10902.0,-0.1120000000000001,0.1120000000000001,2.240000000000002,1,1,2.096,1.0,12420.0,0.09600000000000009,0.09600000000000009,4.800000000000004,1,1,0.02,1.0,35781.0,0.01,0.01,100.0,1,1,0.299,1.0,35833.0,-0.0010000000000000009,0.0010000000000000009,0.33333333333333365,1,1,17.303,1.0,26219.0,-0.6969999999999992,0.6969999999999992,3.872222222222218,1,1,4,0.5335,0.62025700318497,0.047,1.593,0.5335,0.62025700318497,0.818132629834552,0.5335,1.0,4,0,1.005,1.02,1,200.0,5341.0,1,4,-0.28550000000000003,0.23912392184806608,-0.681,-0.07,-0.28550000000000003,0.23912392184806608,0.37241173450899745,0.28550000000000003,1.0,4,0,1.0,1.0,0,19470.0,21727.25,0
68,68,power_law,3.656,1.0,11564.0,-1.3439999999999999,1.3439999999999999,26.88,1,1,1.957,1.0,14349.0,-0.04299999999999993,0.04299999999999993,2.1499999999999964,1,1,0.014,1.0,35732.0,0.004,0.004,40.0,1,1,0.325,1.0,40104.0,0.025000000000000022,0.025000000000000022,8.333333333333341,1,1,21.266,1.0,29114.0,3.2659999999999982,3.2659999999999982,18.144444444444435,1,1,4,0.11550000000000002,0.0666352009076284,0.034,0.203,0.11550000000000002,0.0666352009076284,0.1333435412759088,0.11550000000000002,1.0,4,0,1.0,1.0,0,1914.0,8570.75,0,4,0.21175000000000005,0.41042561749968776,-0.464,0.546,0.21175000000000005,0.41042561749968776,0.4618303259856373,0.44375000000000003,1.0,4,0,1.0,1.0,0,25800.0,31159.5,0
69,69,power_law,3.857,1.0,10621.0,-1.1429999999999998,1.1429999999999998,22.859999999999996,1,1,1.932,1.0,13850.0,-0.06800000000000006,0.06800000000000006,3.400000000000003,1,1,0.003,1.0,29861.0,-0.007,0.007,70.0,1,1,0.3,1.0,32767.0,0.0,0.0,0.0,1,1,18.726,1.0,28049.0,0.7259999999999991,0.7259999999999991,4.033333333333329,1,1,4,0.21875,0.16309410626996917,0.114,0.501,0.21875,0.16309410626996917,0.2728575635748439,0.21875,1.0,4,0,1.0,1.0,0,2603.0,6080.0,0,4,0.2405,0.0940252625627815,0.128,0.388,0.2405,0.0940252625627815,0.2582266446360639,0.2405,1.0,4,0,1.0,1.0,0,25805.0,29116.5,0
70,70,power_law,5.008,1.0,11288.0,0.008000000000000007,0.008000000000000007,0.16000000000000014,1,1,2.098,1.0,13512.0,0.09799999999999986,0.09799999999999986,4.899999999999993,1,1,0.02,1.0,24808.0,0.01,0.01,100.0,1,1,0.308,1.0,16352.0,0.008000000000000007,0.008000000000000007,2.666666666666669,1,1,18.963,1.0,6669.0,0.963000000000001,0.963000000000001,5.350000000000006,1,1,4,0.254,0.13406714735534578,0.094,0.432,0.254,0.13406714735534578,0.28721072403376585,0.254,1.0,4,0,1.0,1.0,0,3186.0,9935.75,0,4,-0.6317499999999999,1.0078177848698642,-2.239,0.304,-0.6317499999999999,1.0078177848698642,1.1894556528093008,0.85325,0.75,3,0,1.0,1.0,0,13128.0,18839.5,0
71,71,power_law,3.429,1.02,167.0,-1.5710000000000002,1.5710000000000002,31.42,1,0,1.722,1.09,1041.0,-0.278,0.278,13.900000000000002,1,0,0.009,1.1,25.0,-0.0010000000000000009,0.0010000000000000009,10.000000000000009,1,0,0.292,1.05,286.0,-0.008000000000000007,0.008000000000000007,2.666666666666669,1,0,14.951,1.11,1789.0,-3.0489999999999995,3.0489999999999995,16.938888888888886,1,0,4,0.238,0.16191355718407277,0.13,0.518,0.238,0.16191355718407277,0.2878541297254566,0.238,1.0,4,0,1.0775000000000001,1.17,4,63.0,2587.75,2,4,-0.05900000000000001,0.2626194966105906,-0.336,0.344,-0.05900000000000001,0.2626194966105906,0.2691653766738954,0.23099999999999998,1.0,4,0,1.0425000000000002,1.07,4,34.0,66.25,4
72,72,power_law,3.684,1.0,8804.0,-1.3159999999999998,1.3159999999999998,26.32,1,1,1.926,1.0,11781.0,-0.07400000000000007,0.07400000000000007,3.7000000000000033,1,1,0.01,1.0,25135.0,0.0,0.0,0.0,1,1,0.285,1.0,24644.0,-0.015000000000000013,0.015000000000000013,5.000000000000004,1,1,22.186,1.0,16394.0,4.186,4.186,23.255555555555553,1,1,4,0.13775,0.05933959470707565,0.07,0.23,0.13775,0.05933959470707565,0.14998749947912327,0.13775,1.0,4,0,1.0,1.0,0,5296.0,6359.5,0,4,-0.063,0.3564484534964347,-0.644,0.301,-0.063,0.3564484534964347,0.36197306529630074,0.279,0.75,3,0,1.0,1.0,0,15844.0,19079.5,0
73,73,power_law,4.487,1.0,10760.0,-0.5129999999999999,0.5129999999999999,10.259999999999998,1,1,2.006,1.0,12484.0,0.005999999999999783,0.005999999999999783,0.29999999999998916,1,1,0.016,1.0,30376.0,0.006,0.006,60.0,1,1,0.287,1.0,34881.0,-0.013000000000000012,0.013000000000000012,4.3333333333333375,1,1,16.698,1.0,24555.0,-1.3019999999999996,1.3019999999999996,7.233333333333331,1,1,4,0.1625,0.05431620384378864,0.073,0.206,0.1625,0.05431620384378864,0.1713373864630834,0.1625,1.0,4,0,1.0,1.0,0,6191.0,7192.0,0,4,-0.24675000000000002,0.2875024999891305,-0.642,0.108,-0.24675000000000002,0.2875024999891305,0.37887102026943154,0.30075,1.0,4,0,1.0,1.0,0,20802.0,25290.75,0
74,74,power_law,3.702,1.0,8839.0,-1.298,1.298,25.96,1,1,1.876,1.0,10042.0,-0.12400000000000011,0.12400000000000011,6.2000000000000055,1,1,0.014,1.0,32710.0,0.004,0.004,40.0,1,1,0.345,1.0,24954.0,0.044999999999999984,0.044999999999999984,14.999999999999996,1,1,19.18,1.0,18262.0,1.1799999999999997,1.1799999999999997,6.555555555555554,1,1,4,0.14675000000000002,0.05588548559330947,0.052,0.197,0.14675000000000002,0.05588548559330947,0.15703104788544206,0.14675000000000002,1.0,4,0,1.0,1.0,0,3394.0,5394.25,0,4,-0.22000000000000003,0.3042868712251648,-0.669,0.074,-0.22000000000000003,0.3042868712251648,0.37548701708581084,0.2795,1.0,4,0,1.0,1.0,0,15686.0,20521.25,0
75,75,power_law,3.616,1.0,10909.0,-1.384,1.384,27.68,1,1,1.938,1.0,13110.0,-0.062000000000000055,0.062000000000000055,3.1000000000000028,1,1,0.016,1.0,29145.0,0.006,0.006,60.0,1,1,0.296,1.0,8486.0,-0.0040000000000000036,0.0040000000000000036,1.3333333333333346,1,1,17.967,1.0,25181.0,-0.03300000000000125,0.03300000000000125,0.1833333333333403,1,1,4,0.19225,0.12505873620023514,0.058,0.389,0.19225,0.12505873620023514,0.22934635379704646,0.19225,1.0,4,0,1.0025,1.01,0,194.0,4859.0,1,4,0.138,0.3769343444155759,-0.26,0.646,0.138,0.3769343444155759,0.4014019182814153,0.3615,0.75,3,0,1.0,1.0,0,14743.0,19305.25,0
76,76,power_law,3.189,1.0,9568.0,-1.811,1.811,36.22,0,1,1.752,1.0,13978.0,-0.248,0.248,12.4,1,1,0.007,1.0,29645.0,-0.003,0.003,30.0,1,1,0.344,1.0,37117.0,0.043999999999999984,0.043999999999999984,14.66666666666666,1,1,15.934,1.0,18175.0,-2.0660000000000007,2.0660000000000007,11.477777777777781,1,1,4,0.11125,0.046321566251585226,0.049,0.178,0.11125,0.046321566251585226,0.12050829846944151,0.11125,1.0,4,0,1.0,1.0,0,4702.0,8240.75,0,4,0.252,0.0873183829442575,0.164,0.396,0.252,0.0873183829442575,0.2666992688403926,0.252,1.0,4,0,1.0,1.0,0,18764.0,24426.5,0
77,77,power_law,3.625,1.0,8374.0,-1.375,1.375,27.500000000000004,1,1,1.814,1.0,12825.0,-0.18599999999999994,0.18599999999999994,9.299999999999997,1,1,0.007,1.0,18997.0,-0.003,0.003,30.0,1,1,0.311,1.0,34165.0,0.01100000000000001,0.01100000000000001,3.66666666666667,1,1,17.308,1.0,19859.0,-0.6920000000000002,0.6920000000000002,3.8444444444444454,1,1,4,0.1145,0.06935596585730748,0.038,0.218,0.1145,0.06935596585730748,0.1338674717771274,0.1145,1.0,4,0,1.0,1.0,0,4141.0,8238.5,0,4,0.003999999999999997,0.1334990636671284,-0.198,0.176,0.003999999999999997,0.1334990636671284,0.1335589757373124,0.10300000000000001,1.0,4,0,1.0,1.0,0,4536.0,15977.5,0
78,78,power_law,4.099,1.0,2313.0,-0.9009999999999998,0.9009999999999998,18.019999999999996,1,1,2.036,1.0,2980.0,0.03600000000000003,0.03600000000000003,1.8000000000000016,1,1,0.014,1.0,21726.0,0.004,0.004,40.0,1,1,0.358,1.0,5457.0,0.057999999999999996,0.057999999999999996,19.333333333333332,0,1,17.006,1.0,3356.0,-0.9939999999999998,0.9939999999999998,5.52222222222222,1,1,4,0.23525,0.12230571327619982,0.094,0.386,0.23525,0.12230571327619982,0.2651438288929237,0.23525,1.0,4,0,1.0,1.0,0,1368.0,2887.5,0,4,0.16875,0.29102351709097324,-0.307,0.464,0.16875,0.29102351709097324,0.33640934885939183,0.32225,1.0,4,0,1.0,1.0,0,2670.0,15232.75,0
79,79,power_law,4.22,1.0,11839.0,-0.7800000000000002,0.7800000000000002,15.600000000000005,1,1,1.998,1.0,14461.0,-0.0020000000000000018,0.0020000000000000018,0.10000000000000009,1,1,0.007,1.0,36668.0,-0.003,0.003,30.0,1,1,0.336,1.0,37455.0,0.03600000000000003,0.03600000000000003,12.00000000000001,1,1,17.653,1.0,30329.0,-0.3470000000000013,0.3470000000000013,1.9277777777777851,1,1,4,0.12624999999999997,0.06526628149358595,0.053,0.204,0.12624999999999997,0.06526628149358595,0.14212230648283186,0.12624999999999997,1.0,4,0,1.0,1.0,0,4089.0,10509.75,0,4,0.22625,0.32089669287794165,-0.081,0.741,0.22625,0.32089669287794165,0.39263691879394125,0.26775,0.75,3,0,1.0,1.0,0,25184.0,32046.75,0
80,80,power_law,4.8,1.0,8972.0,-0.20000000000000018,0.20000000000000018,4.0000000000000036,1,1,2.17,1.0,11312.0,0.16999999999999993,0.16999999999999993,8.499999999999996,1,1,0.013,1.0,30286.0,0.002999999999999999,0.002999999999999999,29.999999999999993,1,1,0.284,1.0,19741.0,-0.016000000000000014,0.016000000000000014,5.333333333333338,1,1,20.094,1.0,20250.0,2.094000000000001,2.094000000000001,11.63333333333334,1,1,4,0.17425000000000002,0.07683545730976032,0.057,0.252,0.17425000000000002,0.07683545730976032,0.19043831022144678,0.17425000000000002,1.0,4,0,1.0,1.0,0,1853.0,5061.25,0,4,-0.12849999999999998,0.18412292089796967,-0.415,0.047,-0.12849999999999998,0.18412292089796967,0.22452950808301342,0.161,1.0,4,0,1.0,1.0,0,12704.0,18148.5,0
81,81,power_law,3.784,1.03,7451.0,-1.2160000000000002,1.2160000000000002,24.320000000000004,1,0,1.803,1.03,9713.0,-0.19700000000000006,0.19700000000000006,9.850000000000003,1,0,0.016,1.01,32532.0,0.006,0.006,60.0,1,1,0.289,1.0,1955.0,-0.01100000000000001,0.01100000000000001,3.66666666666667,1,1,14.784,1.01,483.0,-3.2159999999999993,3.2159999999999993,17.866666666666664,0,1,4,0.20550000000000002,0.04576843890717708,0.167,0.281,0.20550000000000002,0.04576843890717708,0.210535032714273,0.20550000000000002,1.0,4,0,1.0325,1.04,4,4788.0,6219.25,0,4,0.06225,0.08752820973834664,-0.05,0.165,0.06225,0.08752820973834664,0.10740693646129193,0.08725,1.0,4,0,1.0099999999999998,1.02,1,762.0,10485.5,0
82,82,power_law,2.99,1.0,10762.0,-2.01,2.01,40.199999999999996,0,1,1.683,1.0,13009.0,-0.31699999999999995,0.31699999999999995,15.849999999999998,0,1,0.013,1.0,18110.0,0.002999999999999999,0.002999999999999999,29.999999999999993,1,1,0.291,1.0,26390.0,-0.009000000000000008,0.009000000000000008,3.0000000000000027,1,1,18.22,1.0,24039.0,0.21999999999999886,0.21999999999999886,1.2222222222222159,1,1,4,0.17149999999999999,0.11651716611727218,0.083,0.372,0.17149999999999999,0.11651716611727218,0.20733668271678313,0.17149999999999999,1.0,4,0,1.0,1.0,0,2130.0,5259.25,0,4,-0.14024999999999999,0.20296597621276333,-0.304,0.202,-0.14024999999999999,0.20296597621276333,0.2467088364854409,0.24125000000000002,1.0,4,0,1.0,1.0,0,13424.0,20912.5,0
83,83,power_law,5.09,1.0,4152.0,0.08999999999999986,0.08999999999999986,1.7999999999999972,1,1,2.107,1.0,4983.0,0.1070000000000002,0.1070000000000002,5.35000000000001,1,1,0.014,1.0,19547.0,0.004,0.004,40.0,1,1,0.324,1.0,15793.0,0.02400000000000002,0.02400000000000002,8.000000000000007,1,1,21.775,1.0,18383.0,3.7749999999999986,3.7749999999999986,20.972222222222214,1,1,4,0.24574999999999997,0.15204172946924802,0.097,0.439,0.24574999999999997,0.15204172946924802,0.288980535676713,0.24574999999999997,1.0,4,0,1.0,1.0,0,2132.0,3512.0,0,4,0.1905,0.4061739159522679,-0.195,0.8,0.1905,0.4061739159522679,0.44862846543660156,0.36850000000000005,1.0,4,0,1.0,1.0,0,11466.0,15851.25,0
84,84,power_law,2.934,1.0,13655.0,-2.066,2.066,41.31999999999999,0,1,1.747,1.0,16852.0,-0.2529999999999999,0.2529999999999999,12.649999999999995,1,1,0.024,1.0,44739.0,0.014,0.014,140.0,1,1,0.334,1.0,23808.0,0.03400000000000003,0.03400000000000003,11.333333333333345,1,1,19.237,1.0,32001.0,1.2369999999999983,1.2369999999999983,6.872222222222213,1,1,4,0.1325,0.08274811176093387,0.062,0.272,0.1325,0.08274811176093387,0.15621619634340098,0.1325,1.0,4,0,1.0,1.0,0,1259.0,7735.0,0,4,0.18725000000000003,0.1396985594056002,0.032,0.342,0.18725000000000003,0.1396985594056002,0.23361988357158303,0.18725000000000003,1.0,4,0,1.0,1.0,0,8998.0,27480.75,0
85,85,power_law,4.465,1.0,10159.0,-0.5350000000000001,0.5350000000000001,10.700000000000003,1,1,1.985,1.0,13223.0,-0.014999999999999902,0.014999999999999902,0.7499999999999951,1,1,0.016,1.0,28349.0,0.006,0.006,60.0,1,1,0.276,1.0,19195.0,-0.023999999999999966,0.023999999999999966,7.999999999999989,1,1,15.293,1.0,21420.0,-2.7070000000000007,2.7070000000000007,15.038888888888893,1,1,4,0.23275,0.08215343875943355,0.129,0.359,0.23275,0.08215343875943355,0.24682331737500005,0.23275,1.0,4,0,1.0,1.0,0,4063.0,5546.5,0,4,-0.017249999999999995,0.2113922597920747,-0.309,0.226,-0.017249999999999995,0.2113922597920747,0.21209490800111164,0.19824999999999998,1.0,4,0,1.0,1.0,0,18751.0,22134.25,0
86,86,power_law,3.182,1.0,14067.0,-1.818,1.818,36.36000000000001,0,1,1.915,1.0,17226.0,-0.08499999999999996,0.08499999999999996,4.249999999999998,1,1,0.017,1.0,42166.0,0.007000000000000001,0.007000000000000001,70.0,1,1,0.328,1.0,39079.0,0.028000000000000025,0.028000000000000025,9.333333333333343,1,1,23.054,1.0,22894.0,5.0539999999999985,5.0539999999999985,28.07777777777777,0,1,4,0.10775,0.08066714015012556,0.01,0.221,0.10775,0.08066714015012556,0.13460033432350754,0.10775,1.0,4,0,1.0,1.0,0,2920.0,8555.25,0,4,0.009000000000000001,0.13883263305145516,-0.206,0.181,0.009000000000000001,0.13883263305145516,0.13912404536959094,0.11199999999999999,1.0,4,0,1.0,1.0,0,22469.0,32285.0,0
87,87,power_law,3.213,1.0,6506.0,-1.787,1.787,35.74,1,1,1.717,1.0,6943.0,-0.2829999999999999,0.2829999999999999,14.149999999999995,1,1,0.014,1.0,16168.0,0.004,0.004,40.0,1,1,0.349,1.0,2336.0,0.04899999999999999,0.04899999999999999,16.33333333333333,0,1,17.522,1.0,1587.0,-0.47800000000000153,0.47800000000000153,2.6555555555555643,1,1,4,0.25275000000000003,0.19271270715757177,0.076,0.559,0.25275000000000003,0.19271270715757177,0.31783761577258285,0.25275000000000003,1.0,4,0,1.0,1.0,0,1273.0,2816.0,0,4,-0.046,0.29871223610692615,-0.501,0.303,-0.046,0.29871223610692615,0.3022333535531775,0.254,1.0,4,0,1.0,1.0,0,2772.0,9947.0,0
88,88,power_law,3.831,1.0,9444.0,-1.169,1.169,23.380000000000003,1,1,1.892,1.0,11979.0,-0.1080000000000001,0.1080000000000001,5.400000000000005,1,1,0.01,1.0,33001.0,0.0,0.0,0.0,1,1,0.285,1.0,30946.0,-0.015000000000000013,0.015000000000000013,5.000000000000004,1,1,19.727,1.0,22309.0,1.7270000000000003,1.7270000000000003,9.594444444444445,1,1,4,0.10625000000000001,0.041990326266891524,0.045,0.158,0.10625000000000001,0.041990326266891524,0.11424644414597769,0.10625000000000001,1.0,4,0,1.0,1.0,0,6936.0,7993.0,0,4,0.0955,0.23570585482757955,-0.189,0.426,0.0955,0.23570585482757955,0.2543177146798862,0.21600000000000003,1.0,4,0,1.0,1.0,0,25158.0,27116.0,0
89,89,power_law,3.273,1.0,12240.0,-1.7269999999999999,1.7269999999999999,34.54,0,1,1.902,1.0,16186.0,-0.09800000000000009,0.09800000000000009,4.900000000000004,1,1,0.016,1.0,37094.0,0.006,0.006,60.0,1,1,0.262,1.0,37872.0,-0.03799999999999998,0.03799999999999998,12.666666666666659,1,1,19.448,1.0,30329.0,1.4480000000000004,1.4480000000000004,8.044444444444448,1,1,4,0.15575,0.1007878340872548,0.06,0.296,0.15575,0.1007878340872548,0.18551617180181354,0.15575,1.0,4,0,1.0,1.0,0,791.0,5130.5,0,4,0.02575000000000001,0.3534504031685351,-0.484,0.515,0.02575000000000001,0.3534504031685351,0.35438714705812907,0.26775000000000004,0.75,3,0,1.0,1.0,0,26880.0,30250.75,0
90,90,power_law,3.268,1.0,3099.0,-1.7320000000000002,1.7320000000000002,34.64,0,1,1.793,1.0,3751.0,-0.20700000000000007,0.20700000000000007,10.350000000000003,1,1,0.019,1.0,35915.0,0.009,0.009,89.99999999999999,1,1,0.278,1.0,15120.0,-0.021999999999999964,0.021999999999999964,7.333333333333322,1,1,20.189,1.0,25220.0,2.189,2.189,12.161111111111111,1,1,4,0.15025,0.12102143405198931,0.058,0.356,0.15025,0.12102143405198931,0.19292809541380954,0.15025,1.0,4,0,1.0,1.0,0,720.0,4952.75,0,4,-0.07675,0.22969368188959835,-0.357,0.19,-0.07675,0.22969368188959835,0.24217710461560976,0.22424999999999998,1.0,4,0,1.0,1.0,0,11682.0,14806.75,0
91,91,power_law,2.85,1.0,8700.0,-2.15,2.15,43.0,0,1,1.75,1.0,4109.0,-0.25,0.25,12.5,1,1,0.01,1.0,2514.0,0.0,0.0,0.0,1,1,0.307,1.01,314.0,0.007000000000000006,0.007000000000000006,2.3333333333333357,1,1,21.344,1.01,21491.0,3.344000000000001,3.344000000000001,18.577777777777786,1,1,4,0.20075,0.18150396001189617,0.044,0.504,0.20075,0.18150396001189617,0.2706367491675881,0.20075,1.0,4,0,1.0075,1.02,1,199.0,4024.75,1,4,-0.0925,0.2223651276616907,-0.354,0.258,-0.0925,0.2223651276616907,0.24083708186240754,0.2215,1.0,4,0,1.0025,1.01,0,939.0,16106.75,0
92,92,power_law,4.259,1.0,7041.0,-0.7409999999999997,0.7409999999999997,14.819999999999995,1,1,1.94,1.0,10552.0,-0.06000000000000005,0.06000000000000005,3.0000000000000027,1,1,0.022,1.0,18280.0,0.011999999999999999,0.011999999999999999,119.99999999999997,1,1,0.259,1.0,14330.0,-0.04099999999999998,0.04099999999999998,13.66666666666666,1,1,17.452,1.0,16511.0,-0.5479999999999983,0.5479999999999983,3.0444444444444345,1,1,4,0.21925,0.007292976072907418,0.211,0.231,0.21925,0.007292976072907418,0.21937126065189122,0.21925,1.0,4,0,1.0,1.0,0,4643.0,6156.5,0,4,-0.21775,0.08018844991643122,-0.35,-0.134,-0.21775,0.08018844991643122,0.23204579289441987,0.21775,1.0,4,0,1.0,1.0,0,14825.0,22884.25,0
93,93,power_law,3.518,1.0,11139.0,-1.4820000000000002,1.4820000000000002,29.640000000000004,1,1,1.871,1.0,13729.0,-0.129,0.129,6.45,1,1,0.013,1.0,28711.0,0.002999999999999999,0.002999999999999999,29.999999999999993,1,1,0.313,1.0,25546.0,0.013000000000000012,0.013000000000000012,4.3333333333333375,1,1,20.678,1.0,24728.0,2.678000000000001,2.678000000000001,14.877777777777782,1,1,4,0.1395,0.03667764987018661,0.082,0.183,0.1395,0.03667764987018661,0.1442411175774786,0.1395,1.0,4,0,1.0,1.0,0,1105.0,2943.75,0,4,-0.195,0.18648458381324715,-0.443,0.005,-0.195,0.18648458381324715,0.26981753093526,0.1975,1.0,4,0,1.0,1.0,0,2571.0,10591.5,0
94,94,power_law,5.782,1.0,11048.0,0.782,0.782,15.64,1,1,2.187,1.0,13322.0,0.18699999999999983,0.18699999999999983,9.34999999999999,1,1,0.014,1.0,21041.0,0.004,0.004,40.0,1,1,0.336,1.0,23225.0,0.03600000000000003,0.03600000000000003,12.00000000000001,1,1,14.543,1.0,12127.0,-3.4570000000000007,3.4570000000000007,19.20555555555556,0,1,4,0.36150000000000004,0.1952030993606403,0.104,0.615,0.36150000000000004,0.1952030993606403,0.41083634211203857,0.36150000000000004,1.0,4,0,1.0,1.0,0,4168.0,6328.75,0,4,0.027999999999999997,0.14343813997678578,-0.177,0.176,0.027999999999999997,0.14343813997678578,0.14614547546879444,0.134,1.0,4,0,1.0,1.0,0,12077.0,17093.25,0
95,95,power_law,3.052,1.0,12034.0,-1.948,1.948,38.96,0,1,1.756,1.0,14435.0,-0.244,0.244,12.2,1,1,0.007,1.0,32708.0,-0.003,0.003,30.0,1,1,0.31,1.0,38713.0,0.010000000000000009,0.010000000000000009,3.3333333333333366,1,1,18.428,1.0,27870.0,0.4280000000000008,0.4280000000000008,2.3777777777777827,1,1,4,0.15100000000000002,0.10613434882261256,0.023,0.318,0.15100000000000002,0.10613434882261256,0.18456841549951064,0.15100000000000002,1.0,4,0,1.0,1.0,0,1780.0,9525.5,0,4,0.12425,0.12454191061646677,-0.021,0.323,0.12425,0.12454191061646677,0.17592256819407792,0.13475,1.0,4,0,1.0,1.0,0,21554.0,27584.75,0
96,96,power_law,3.828,1.0,11312.0,-1.1720000000000002,1.1720000000000002,23.44,1,1,1.886,1.0,13484.0,-0.1140000000000001,0.1140000000000001,5.700000000000005,1,1,0.007,1.0,26379.0,-0.003,0.003,30.0,1,1,0.336,1.0,32806.0,0.03600000000000003,0.03600000000000003,12.00000000000001,1,1,17.891,1.0,22008.0,-0.10900000000000176,0.10900000000000176,0.6055555555555653,1,1,4,0.19725,0.06650328939233006,0.096,0.28,0.19725,0.06650328939233006,0.20815919388775506,0.19725,1.0,4,0,1.0,1.0,0,4824.0,6931.5,0,4,-0.25375,0.3504920648174506,-0.571,0.338,-0.25375,0.3504920648174506,0.43270515365546547,0.42275,1.0,4,0,1.0,1.0,0,20752.0,25375.5,0
97,97,power_law,3.585,1.0,9109.0,-1.415,1.415,28.300000000000004,1,1,1.814,1.0,11552.0,-0.18599999999999994,0.18599999999999994,9.299999999999997,1,1,0.009,1.0,25964.0,-0.0010000000000000009,0.0010000000000000009,10.000000000000009,1,1,0.271,1.0,27342.0,-0.02899999999999997,0.02899999999999997,9.666666666666657,1,1,16.989,1.0,25719.0,-1.0109999999999992,1.0109999999999992,5.616666666666662,1,1,4,0.11249999999999999,0.0404382244911915,0.044,0.145,0.11249999999999999,0.0404382244911915,0.11954706186268235,0.11249999999999999,1.0,4,0,1.0,1.0,0,4737.0,8091.75,0,4,0.07050000000000001,0.4979440229584044,-0.347,0.885,0.07050000000000001,0.4979440229584044,0.5029100317154153,0.405,0.75,3,0,1.0,1.0,0,20811.0,23288.25,0
98,98,power_law,3.326,1.0,10838.0,-1.674,1.674,33.48,1,1,1.784,1.0,12822.0,-0.21599999999999997,0.21599999999999997,10.799999999999999,1,1,0.017,1.0,27793.0,0.007000000000000001,0.007000000000000001,70.0,1,1,0.329,1.0,27688.0,0.029000000000000026,0.029000000000000026,9.666666666666677,1,1,18.591,1.0,30026.0,0.5910000000000011,0.5910000000000011,3.2833333333333394,1,1,4,0.15450000000000003,0.07067000778265134,0.061,0.232,0.15450000000000003,0.07067000778265134,0.1698955561514191,0.15450000000000003,1.0,4,0,1.0,1.0,0,4014.0,8948.5,0,4,-0.1035,0.09792471598120671,-0.21,0.035,-0.1035,0.09792471598120671,0.14248333235856045,0.121,1.0,4,0,1.0,1.0,0,19498.0,23126.25,0
99,99,power_law,4.31,1.0,9814.0,-0.6900000000000004,0.6900000000000004,13.800000000000006,1,1,2.005,1.0,11250.0,0.004999999999999893,0.004999999999999893,0.24999999999999467,1,1,0.016,1.0,31505.0,0.006,0.006,60.0,1,1,0.274,1.0,23456.0,-0.025999999999999968,0.025999999999999968,8.666666666666655,1,1,18.305,1.0,20387.0,0.3049999999999997,0.3049999999999997,1.6944444444444429,1,1,4,0.26249999999999996,0.15035374953754896,0.111,0.459,0.26249999999999996,0.15035374953754896,0.30251033040212033,0.26249999999999996,1.0,4,0,1.0,1.0,0,2190.0,5373.0,0,4,-0.03900000000000001,0.29419126431626075,-0.48,0.282,-0.03900000000000001,0.29419126431626075,0.2967650585901244,0.2625,1.0,4,0,1.0,1.0,0,17921.0,19887.0,0
