simulation,row,mean,median,std,n_peaks,peak_locations,sorted_peak_location1,sorted_peak_location2,is_bimodal,is_well_separated,separation
0,0,-0.22483298,-0.17249221,0.630308571,1,[-0.05625611145448817],-0.056256111,,FALSE,FALSE,0
0,1,38.01288666,50.35096378,22.15039259,2,"[50.833479380961194, -0.6299761893689193]",-0.629976189,50.83347938,TRUE,TRUE,51.46345557
0,2,13.08028261,0.002679362,22.95380116,2,"[-0.6724623477642957, 50.958127402201455]",-0.672462348,50.9581274,TRUE,TRUE,51.63058975
0,3,50.81854591,50.58602462,1.067577726,1,[50.195771478434416],,50.19577148,FALSE,FALSE,0
1,0,12.73378478,0.656795977,21.56051236,2,"[0.6723262658974183, 50.35693444198523]",0.672326266,50.35693444,TRUE,TRUE,49.68460818
1,1,37.51153755,49.70616366,21.73886122,2,"[49.66194402218413, 0.09351451763845953]",0.093514518,49.66194402,TRUE,TRUE,49.5684295
1,2,38.03968918,50.23631509,22.04013434,2,"[50.445033435745, 0.5313517687178262]",0.531351769,50.44503344,TRUE,TRUE,49.91368167
1,3,-0.359476521,-0.378688863,0.608771016,1,[-0.41687717838160676],-0.416877178,,FALSE,FALSE,0
2,0,50.10499396,49.89912136,1.203796988,1,[49.795979924274256],,49.79597992,FALSE,FALSE,0
2,1,-0.318654962,-0.287713482,0.683581807,1,[-0.39580035017736037],-0.39580035,,FALSE,FALSE,0
2,2,25.19293006,23.6991852,25.19040129,2,"[0.01852776932591116, 50.541018881050434]",0.018527769,50.54101888,TRUE,TRUE,50.52249111
2,3,50.6906366,50.37832549,1.676084437,1,[50.473257788930894],,50.47325779,FALSE,FALSE,0
3,0,12.54417462,0.229176002,22.02033541,2,"[-0.2189725791869539, 49.27723061410409]",-0.218972579,49.27723061,TRUE,TRUE,49.49620319
3,1,11.8407438,-0.582767973,22.04112803,2,"[-1.2108924100213763, 49.42912595266115]",-1.21089241,49.42912595,TRUE,TRUE,50.64001836
3,2,12.71943017,0.154075656,22.15819168,2,"[-0.6647754536622636, 50.33674345676425]",-0.664775454,50.33674346,TRUE,TRUE,51.00151891
3,3,12.52477502,0.300562982,21.66717796,2,"[0.02407193985254219, 50.15517106139265]",0.02407194,50.15517106,TRUE,TRUE,50.13109912
4,0,12.49111792,0.073767138,21.94482594,2,"[0.18278082717911248, 49.84439897929281]",0.182780827,49.84439898,TRUE,TRUE,49.66161815
4,1,12.73326259,0.029892085,22.27280272,2,"[-0.7682743973561149, 49.661481847618546]",-0.768274397,49.66148185,TRUE,TRUE,50.42975624
4,2,-0.835208839,-0.845649664,0.612878523,1,[-0.9378649493122797],-0.937864949,,FALSE,FALSE,0
4,3,50.2206118,50.19167754,0.581092619,1,[50.3288312436714],,50.32883124,FALSE,FALSE,0
5,0,0.233546888,0.277270896,0.535250705,1,[0.3981275576813077],0.398127558,,FALSE,FALSE,0
5,1,-0.494382896,-0.351369844,0.785947674,1,[-0.051978267205798456],-0.051978267,,FALSE,FALSE,0
5,2,37.75244381,49.90083229,22.25038694,2,"[49.92158714070655, -0.7083784666054544]",-0.708378467,49.92158714,TRUE,TRUE,50.62996561
5,3,-0.125235925,-0.03211214,0.706047113,1,[0.22528894175213754],0.225288942,,FALSE,FALSE,0
6,0,38.40241898,50.58452361,22.50051131,2,"[50.89014428716203, -0.9401512288587253]",-0.940151229,50.89014429,TRUE,TRUE,51.83029552
6,1,12.26625979,-0.090018945,22.06093229,2,"[-0.3696022165323223, 50.10063851523397]",-0.369602217,50.10063852,TRUE,TRUE,50.47024073
6,2,50.84932057,50.56323126,1.800077097,1,[50.050346656733765],,50.05034666,FALSE,FALSE,0
6,3,-0.016314425,0.035306384,0.420782711,1,[0.15061030983754176],0.15061031,,FALSE,FALSE,0
7,0,37.57350699,50.00864487,21.82849898,2,"[50.70006628402747, 0.0010158340189665438]",0.001015834,50.70006628,TRUE,TRUE,50.69905045
7,1,-0.255501254,-0.216460211,0.38289006,1,[-0.16666819105827546],-0.166668191,,FALSE,FALSE,0
7,2,51.08311224,50.74927784,1.736130546,1,[50.35296472258686],,50.35296472,FALSE,FALSE,0
7,3,0.127733612,0.388595732,1.045754244,1,[0.6442511790235272],0.644251179,,FALSE,FALSE,0
8,0,50.49837983,50.40668017,0.677348306,1,[50.23875336306598],,50.23875336,FALSE,FALSE,0
8,1,0.391175188,0.370295327,0.441429296,1,[0.30257175364998457],0.302571754,,FALSE,FALSE,0
8,2,12.80951059,0.636738813,21.73480546,2,"[0.8207116241519055, 50.248147737574435]",0.820711624,50.24814774,TRUE,TRUE,49.42743611
8,3,50.56758177,50.3836528,0.926167421,1,[50.17579697183664],,50.17579697,FALSE,FALSE,0
9,0,25.05371299,26.51141504,25.38748138,2,"[50.061137165811296, 0.33488879360888024]",0.334888794,50.06113717,TRUE,TRUE,49.72624837
9,1,12.39312559,-0.0462986,22.00812568,2,"[0.12087237546819374, 50.547255014716626]",0.120872375,50.54725501,TRUE,TRUE,50.42638264
9,2,37.44144816,49.59610466,21.81856971,2,"[50.390822496525935, -0.42099891948499213]",-0.420998919,50.3908225,TRUE,TRUE,50.81182142
9,3,24.8670247,24.96886797,25.57754899,2,"[49.93442643959759, -1.1132136863946678]",-1.113213686,49.93442644,TRUE,TRUE,51.04764013
10,0,25.01004589,24.74690702,25.18637249,2,"[49.839497027225974, -0.7323816469636357]",-0.732381647,49.83949703,TRUE,TRUE,50.57187867
10,1,12.45763115,0.051571853,21.78170737,2,"[-0.24474018463987024, 49.87598241713725]",-0.244740185,49.87598242,TRUE,TRUE,50.1207226
10,2,37.94629037,50.00646512,22.22891468,2,"[49.701590913920114, -0.44986252663230264]",-0.449862527,49.70159091,TRUE,TRUE,50.15145344
10,3,-0.044231347,0.000760208,0.51010087,1,[-0.07224210856369417],-0.072242109,,FALSE,FALSE,0
11,0,12.79319527,0.169652229,22.08230527,2,"[0.20336816254426182, 50.62537610068442]",0.203368163,50.6253761,TRUE,TRUE,50.42200794
11,1,-0.518045729,-0.464790088,0.812764752,1,[-0.3827291345217274],-0.382729135,,FALSE,FALSE,0
11,2,37.42098622,49.74204445,21.74017521,2,"[50.43971172529231, 0.19323074358469583]",0.193230744,50.43971173,TRUE,TRUE,50.24648098
11,3,37.81467631,50.10201566,21.90614751,2,"[50.87235958582686, -0.13300250084711696]",-0.133002501,50.87235959,TRUE,TRUE,51.00536209
12,0,-0.249805247,-0.126856362,0.599699581,1,[0.036096071194334556],0.036096071,,FALSE,FALSE,0
12,1,-0.38791996,-0.360340721,0.416452238,1,[-0.3618078289360773],-0.361807829,,FALSE,FALSE,0
12,2,-0.477656904,-0.496900794,0.728016569,1,[-0.5270198802267418],-0.52701988,,FALSE,FALSE,0
12,3,-0.123470675,-0.072799696,0.721916643,1,[-0.03572848179736887],-0.035728482,,FALSE,FALSE,0
13,0,12.53961563,0.069687995,21.8079723,2,"[0.5383696782913956, 50.483456083053966]",0.538369678,50.48345608,TRUE,TRUE,49.9450864
13,1,-0.303622887,-0.323833265,0.63101662,1,[-0.3661351217830262],-0.366135122,,FALSE,FALSE,0
13,2,25.44629004,21.55106147,25.5663648,2,"[-0.2613377071410028, 50.654558763299576]",-0.261337707,50.65455876,TRUE,TRUE,50.91589647
13,3,-0.562892126,-0.58269107,0.562110461,1,[-0.8117526294801904],-0.811752629,,FALSE,FALSE,0
14,0,24.75128726,25.24503728,25.39172788,2,"[-0.540377925438515, 50.32840840977916]",-0.540377925,50.32840841,TRUE,TRUE,50.86878634
14,1,0.077825452,0.108360508,0.805066554,1,[-0.11780492372766105],-0.117804924,,FALSE,FALSE,0
14,2,0.380832395,0.38369509,0.437046484,1,[0.3347126094272914],0.334712609,,FALSE,FALSE,0
14,3,24.80171565,24.22804585,25.0327832,2,"[-0.4193222589393635, 49.1475247799994]",-0.419322259,49.14752478,TRUE,TRUE,49.56684704
15,0,12.27491176,-0.171059046,21.96519888,2,"[-0.16455796064003092, 50.65602543748225]",-0.164557961,50.65602544,TRUE,TRUE,50.8205834
15,1,25.20359961,26.01542981,25.16959641,2,"[49.85066204515856, 0.42797019472781894]",0.427970195,49.85066205,TRUE,TRUE,49.42269185
15,2,24.86578487,25.14333595,24.97908083,2,"[50.028123597100276, 0.556830498277642]",0.556830498,50.0281236,TRUE,TRUE,49.4712931
15,3,-0.313386033,-0.209341027,0.604892537,1,[-0.041631486145877084],-0.041631486,,FALSE,FALSE,0
16,0,12.64876051,0.055852398,22.08229363,2,"[0.19757487352051406, 50.38402733784234]",0.197574874,50.38402734,TRUE,TRUE,50.18645246
16,1,12.78156862,0.265517235,22.03352728,2,"[-0.2897894895825055, 50.53537344312305]",-0.28978949,50.53537344,TRUE,TRUE,50.82516293
16,2,12.97750399,0.478829213,21.95882733,2,"[-0.19713459555705581, 49.34200827929617]",-0.197134596,49.34200828,TRUE,TRUE,49.53914287
16,3,12.56788665,0.029675455,22.07410828,2,"[0.14984057951333796, 50.78397847202959]",0.14984058,50.78397847,TRUE,TRUE,50.63413789
17,0,-0.426161781,-0.235635445,1.017312014,1,[-0.29355012845192885],-0.293550128,,FALSE,FALSE,0
17,1,27.141789,22.92417229,27.77612464,2,"[-0.22212633950047056, 52.11513073349542]",-0.22212634,52.11513073,TRUE,TRUE,52.33725707
17,2,50.12503823,50.03479631,0.713014527,1,[49.92967139458301],,49.92967139,FALSE,FALSE,0
17,3,0.159869297,0.237621807,0.60984756,1,[0.515686645125601],0.515686645,,FALSE,FALSE,0
18,0,12.66407721,0.102721921,22.15863322,2,"[-0.37389868697363093, 50.17636295341018]",-0.373898687,50.17636295,TRUE,TRUE,50.55026164
18,1,12.96107254,0.698513114,21.76738266,2,"[1.0866994554371114, 50.61239489726077]",1.086699455,50.6123949,TRUE,TRUE,49.52569544
18,2,50.77545207,50.74844789,0.921202921,1,[50.663688711061226],,50.66368871,FALSE,FALSE,0
18,3,49.77494102,49.55894256,0.871988502,1,[49.14769521500694],,49.14769522,FALSE,FALSE,0
19,0,12.29867138,-0.0347664,21.97845035,2,"[-0.5830404703176271, 49.917489560782684]",-0.58304047,49.91748956,TRUE,TRUE,50.50053003
19,1,12.424772,-0.024285469,22.24528656,2,"[-0.7045716379978213, 49.790587040850255]",-0.704571638,49.79058704,TRUE,TRUE,50.49515868
19,2,-0.317582839,-0.254974905,0.962806484,1,[-0.27484417672777806],-0.274844177,,FALSE,FALSE,0
19,3,50.26359333,50.2450783,0.636263257,1,[50.358293368802876],,50.35829337,FALSE,FALSE,0
20,0,25.3337027,24.90216317,25.68140911,2,"[0.004153685084605563, 50.6579815632449]",0.004153685,50.65798156,TRUE,TRUE,50.65382788
20,1,12.52389292,0.213716341,21.95004659,2,"[-0.5900761093886691, 49.56404315172944]",-0.590076109,49.56404315,TRUE,TRUE,50.15411926
20,2,-0.006863022,0.083137533,0.83124601,1,[0.42801094153681785],0.428010942,,FALSE,FALSE,0
20,3,12.35104488,0.122426454,21.93247628,2,"[-0.5373338338398037, 49.727272516424854]",-0.537333834,49.72727252,TRUE,TRUE,50.26460635
21,0,12.23631991,0.156077258,21.63257681,2,"[-0.15182035993537246, 49.82679216031268]",-0.15182036,49.82679216,TRUE,TRUE,49.97861252
21,1,37.78039117,49.96787652,22.04701056,2,"[49.54344557656609, -0.47969010967489467]",-0.47969011,49.54344558,TRUE,TRUE,50.02313569
21,2,38.08526522,50.26998094,22.24368063,2,"[50.14479730110686, -0.7186738688985121]",-0.718673869,50.1447973,TRUE,TRUE,50.86347117
21,3,0.094146492,0.170924579,0.634401078,1,[0.38044416053999486],0.380444161,,FALSE,FALSE,0
22,0,12.92033486,0.46996897,22.10770035,2,"[0.23027147899816058, 50.104918217894664]",0.230271479,50.10491822,TRUE,TRUE,49.87464674
22,1,37.09948446,49.77589232,22.44683237,2,"[50.05148715527738, -0.2564079349892374]",-0.256407935,50.05148716,TRUE,TRUE,50.30789509
22,2,37.83124178,50.20757916,22.35782078,2,"[50.98906091105788, -0.04348327482989767]",-0.043483275,50.98906091,TRUE,TRUE,51.03254419
22,3,-0.276711262,-0.134914399,0.984985276,1,[-0.3787493413700389],-0.378749341,,FALSE,FALSE,0
23,0,50.43889369,50.2951259,1.017447232,1,[50.44742959876424],,50.4474296,FALSE,FALSE,0
23,1,-0.213910503,-0.146141506,0.570547636,1,[-0.09371520687864265],-0.093715207,,FALSE,FALSE,0
23,2,37.8410908,50.17814761,22.39117524,2,"[50.09983722911862, -0.725676309754709]",-0.72567631,50.09983723,TRUE,TRUE,50.82551354
23,3,-0.118986535,-0.116189808,0.394373536,1,[-0.11674713857235886],-0.116747139,,FALSE,FALSE,0
24,0,24.96113146,24.68468967,25.11857567,2,"[50.07978405723213, -0.5121091766846444]",-0.512109177,50.07978406,TRUE,TRUE,50.59189323
24,1,12.25485041,-0.246720396,21.94670979,2,"[-0.6045488121294955, 49.70572586315459]",-0.604548812,49.70572586,TRUE,TRUE,50.31027468
24,2,-0.217135937,-0.286132196,0.740590741,1,[-0.5168382351457144],-0.516838235,,FALSE,FALSE,0
24,3,-0.453635762,-0.435748257,0.857469493,1,[-0.37831936213889694],-0.378319362,,FALSE,FALSE,0
25,0,12.83899537,0.46835604,21.86954694,2,"[0.2218652460512489, 50.11164351329387]",0.221865246,50.11164351,TRUE,TRUE,49.88977827
25,1,25.17796023,25.05108148,25.28349457,2,"[49.99763234138869, -0.3074124149874846]",-0.307412415,49.99763234,TRUE,TRUE,50.30504476
25,2,-0.596374221,-0.51485482,0.775483275,1,[-0.45027975038140156],-0.45027975,,FALSE,FALSE,0
25,3,-0.430420741,-0.436459995,0.657204493,1,[-0.3649358982476869],-0.364935898,,FALSE,FALSE,0
26,0,12.49945787,0.192348834,21.75269537,2,"[0.33585502888033236, 50.23810290038827]",0.335855029,50.2381029,TRUE,TRUE,49.90224787
26,1,38.0759092,50.05565127,22.29231326,2,"[50.275524487749365, -0.23149016448714743]",-0.231490164,50.27552449,TRUE,TRUE,50.50701465
26,2,-0.266230849,-0.214676435,0.587804102,1,[-0.25711042938229367],-0.257110429,,FALSE,FALSE,0
26,3,-0.089208517,-0.039113075,0.548923135,1,[-0.07886608342494217],-0.078866083,,FALSE,FALSE,0
27,0,12.46458186,-0.019490459,22.00243235,2,"[-0.27852580803520444, 50.774760447769886]",-0.278525808,50.77476045,TRUE,TRUE,51.05328626
27,1,0.028598038,0.134132938,0.576777888,1,[0.21499730310784892],0.214997303,,FALSE,FALSE,0
27,2,37.69414529,49.95455377,22.08628717,2,"[49.90036825752966, -0.225180637616891]",-0.225180638,49.90036826,TRUE,TRUE,50.1255489
27,3,25.36785333,25.54726016,25.02454577,2,"[50.59545071670886, 0.2683785500707079]",0.26837855,50.59545072,TRUE,TRUE,50.32707217
28,0,-0.659241739,-0.49460908,0.763455144,1,[-0.31979122546233985],-0.319791225,,FALSE,FALSE,0
28,1,0.080989644,0.122339126,0.559217902,1,[0.11296207618279652],0.112962076,,FALSE,FALSE,0
28,2,0.016687159,0.019007811,0.39851213,1,[0.07660744516829943],0.076607445,,FALSE,FALSE,0
28,3,0.047542504,0.159829186,0.773311817,1,[0.2461498824571433],0.246149882,,FALSE,FALSE,0
29,0,12.31847715,-0.050055401,21.89188313,2,"[-0.19214189932468795, 49.36499995656207]",-0.192141899,49.36499996,TRUE,TRUE,49.55714186
29,1,0.191306338,0.178827016,0.423934316,1,[0.08489961055284567],0.084899611,,FALSE,FALSE,0
29,2,50.26914981,50.16461871,0.988203547,1,[50.25805202374608],,50.25805202,FALSE,FALSE,0
29,3,-0.223931755,-0.172991569,0.415881722,1,[-0.08555948470222408],-0.085559485,,FALSE,FALSE,0
30,0,12.74400504,0.279268509,21.88390231,2,"[0.6532572999600728, 50.3223501065513]",0.6532573,50.32235011,TRUE,TRUE,49.66909281
30,1,-0.196242403,-0.126869978,0.594839287,1,[-0.15754813862756922],-0.157548139,,FALSE,FALSE,0
30,2,25.2146377,23.90357248,25.4255153,2,"[-0.22391885858974803, 50.25051215829708]",-0.223918859,50.25051216,TRUE,TRUE,50.47443102
30,3,37.99905549,50.00012046,21.97913412,2,"[49.67803939207461, -0.2635038224202306]",-0.263503822,49.67803939,TRUE,TRUE,49.94154321
31,0,37.78052992,50.0016892,21.72542509,2,"[50.321015592023585, 0.43985036199393135]",0.439850362,50.32101559,TRUE,TRUE,49.88116523
31,1,13.06645274,0.959838272,21.38515048,2,"[1.1563611809632612, 49.93821006986827]",1.156361181,49.93821007,TRUE,TRUE,48.78184889
31,2,24.92735957,24.24553601,25.42409615,2,"[-0.3242518772059988, 49.62364812287371]",-0.324251877,49.62364812,TRUE,TRUE,49.9479
31,3,24.85825741,24.17035429,24.95390069,2,"[0.1350306641056851, 50.19389601859042]",0.135030664,50.19389602,TRUE,TRUE,50.05886535
32,0,50.13779506,50.10680082,0.538507849,1,[50.04820593345532],,50.04820593,FALSE,FALSE,0
32,1,37.47500293,49.79010824,22.13902767,2,"[50.53268887429984, -0.5451280069109261]",-0.545128007,50.53268887,TRUE,TRUE,51.07781688
32,2,49.83179622,49.66726518,1.167391046,1,[49.46161417636334],,49.46161418,FALSE,FALSE,0
32,3,-0.270100636,-0.245647598,0.6262961,1,[-0.3065891677426471],-0.306589168,,FALSE,FALSE,0
33,0,12.26118958,-0.016785643,21.77812229,2,"[-0.5973197406194535, 49.92214233525337]",-0.597319741,49.92214234,TRUE,TRUE,50.51946208
33,1,-0.237678101,-0.163562605,0.756257857,1,[0.10884746306237725],0.108847463,,FALSE,FALSE,0
33,2,-0.334880968,-0.216461449,0.672299147,1,[-0.09202279350087528],-0.092022794,,FALSE,FALSE,0
33,3,-0.153647168,-0.089417007,0.609260882,1,[-0.1194934284999265],-0.119493428,,FALSE,FALSE,0
34,0,0.198377492,0.229162906,0.422450031,1,[0.29754849412628515],0.297548494,,FALSE,FALSE,0
34,1,50.8518536,50.6905407,1.130703969,1,[50.247197782723404],,50.24719778,FALSE,FALSE,0
34,2,50.06132643,50.02628866,0.977214483,2,"[49.318189901671566, 50.43048144880509]",,50.43048145,TRUE,FALSE,1.112291547
34,3,0.105150601,0.083240757,0.565198359,1,[0.032574972239072686],0.032574972,,FALSE,FALSE,0
35,0,50.86720983,50.53518854,1.459606969,1,[50.216018876256534],,50.21601888,FALSE,FALSE,0
35,1,24.96585042,25.23504422,25.03444158,2,"[-0.11296896842645054, 49.32382022226938]",-0.112968968,49.32382022,TRUE,TRUE,49.43678919
35,2,12.7067882,0.246531074,22.25139245,2,"[-0.4420840225549334, 51.513408198957535]",-0.442084023,51.5134082,TRUE,TRUE,51.95549222
35,3,-0.220363644,-0.139714914,0.856303092,1,[0.07995278577723042],0.079952786,,FALSE,FALSE,0
36,0,50.24932395,50.03004848,1.129084881,1,[49.887769205633205],,49.88776921,FALSE,FALSE,0
36,1,25.21055334,24.48417367,25.2632411,2,"[-0.40306684345033306, 49.449541577709525]",-0.403066843,49.44954158,TRUE,TRUE,49.85260842
36,2,12.43456241,-0.016629983,22.00160527,2,"[0.09506625653519296, 50.01571656181619]",0.095066257,50.01571656,TRUE,TRUE,49.92065031
36,3,11.23749665,-0.057345134,22.68142016,2,"[0.5595608340666445, 50.67056918854597]",0.559560834,50.67056919,TRUE,TRUE,50.11100835
37,0,12.53812189,-0.090360775,22.14741995,2,"[0.07057555587458997, 50.3026260414014]",0.070575556,50.30262604,TRUE,TRUE,50.23205049
37,1,0.056207305,0.081777569,0.755531532,1,[-0.16456849767800907],-0.164568498,,FALSE,FALSE,0
37,2,25.20761617,25.35502853,25.64396105,2,"[-0.22023207164927472, 49.85883075052279]",-0.220232072,49.85883075,TRUE,TRUE,50.07906282
37,3,25.33026201,24.52904927,25.43562516,2,"[0.3232338350345114, 50.687386645686274]",0.323233835,50.68738665,TRUE,TRUE,50.36415281
38,0,50.53833286,50.33571613,1.046010445,1,[50.29096638856193],,50.29096639,FALSE,FALSE,0
38,1,12.59278444,0.070087189,21.84050858,2,"[0.06987247869532098, 50.058223412949744]",0.069872479,50.05822341,TRUE,TRUE,49.98835093
38,2,-0.617025528,-0.530644409,0.65631438,1,[-0.48061455086908644],-0.480614551,,FALSE,FALSE,0
38,3,-0.418856544,-0.428977076,0.502623167,1,[-0.36831460519240666],-0.368314605,,FALSE,FALSE,0
39,0,38.19377067,50.43160968,22.02638428,2,"[50.386067485540536, 0.10652946843473865]",0.106529468,50.38606749,TRUE,TRUE,50.27953802
39,1,25.80958004,25.25795133,25.69820322,2,"[0.4003947963631691, 50.55453497017021]",0.400394796,50.55453497,TRUE,TRUE,50.15414017
39,2,-0.172230597,-0.155316622,0.374756877,1,[-0.18953847906646715],-0.189538479,,FALSE,FALSE,0
39,3,-0.189763251,-0.117364935,0.783849709,1,[-0.15630797546766795],-0.156307975,,FALSE,FALSE,0
40,0,0.151803613,0.204098193,0.663332407,1,[0.5006367136603496],0.500636714,,FALSE,FALSE,0
40,1,25.07363274,25.55423915,25.41375459,2,"[-0.29581174737253324, 49.475152218698014]",-0.295811747,49.47515222,TRUE,TRUE,49.77096397
40,2,50.32334027,50.20224483,0.670883463,1,[50.07114663951253],,50.07114664,FALSE,FALSE,0
40,3,0.011608863,0.068928126,0.745935693,1,[0.3360790846372739],0.336079085,,FALSE,FALSE,0
41,0,51.01205605,50.65181616,1.32073176,1,[50.24183891752779],,50.24183892,FALSE,FALSE,0
41,1,12.69420937,0.064612398,22.18286379,2,"[-0.04925893278714044, 50.76102475810172]",-0.049258933,50.76102476,TRUE,TRUE,50.81028369
41,2,12.19368878,-0.050925007,21.93430209,2,"[0.027720448074683546, 49.3849682648232]",0.027720448,49.38496826,TRUE,TRUE,49.35724782
41,3,0.158522084,0.290629915,0.622105389,1,[0.325041089525822],0.32504109,,FALSE,FALSE,0
42,0,12.48343387,0.081896543,21.68078276,2,"[-0.04297592175999965, 49.93229114486981]",-0.042975922,49.93229114,TRUE,TRUE,49.97526707
42,1,12.30981202,0.093982802,21.84784471,2,"[0.19804034010561722, 49.56953119870704]",0.19804034,49.5695312,TRUE,TRUE,49.37149086
42,2,-0.148208799,-0.138420525,0.545937126,1,[-0.06411885182606136],-0.064118852,,FALSE,FALSE,0
42,3,0.068494747,0.223307084,0.810657991,1,[0.21641691366837534],0.216416914,,FALSE,FALSE,0
43,0,12.78190201,0.262826239,21.87107025,2,"[-0.3304543975705394, 51.2085837200635]",-0.330454398,51.20858372,TRUE,TRUE,51.53903812
43,1,12.43137099,-0.225151785,22.22754826,2,"[-0.510382944674574, 51.24604771923702]",-0.510382945,51.24604772,TRUE,TRUE,51.75643066
43,2,49.97043408,49.93132248,0.778722262,1,[50.10750562625452],,50.10750563,FALSE,FALSE,0
43,3,-0.076377571,-0.020120054,0.638128858,1,[0.19935920423010867],0.199359204,,FALSE,FALSE,0
44,0,12.06627059,-0.265465227,21.91272561,2,"[-0.29043648629479346, 49.83033370408971]",-0.290436486,49.8303337,TRUE,TRUE,50.12077019
44,1,12.33924443,-0.033919902,22.02334414,2,"[-0.5750318616841539, 50.551018786811646]",-0.575031862,50.55101879,TRUE,TRUE,51.12605065
44,2,-0.429782023,-0.206468542,1.143966562,1,[0.12869020326451164],0.128690203,,FALSE,FALSE,0
44,3,-0.049095367,-0.023824669,0.413625367,1,[-0.04796826381364161],-0.047968264,,FALSE,FALSE,0
45,0,12.58457591,-0.007522392,21.99875928,2,"[-0.03154003740955469, 50.60104311721195]",-0.031540037,50.60104312,TRUE,TRUE,50.63258315
45,1,11.97838934,-0.461993918,22.04620486,2,"[-0.7143591665113576, 49.98562596392058]",-0.714359167,49.98562596,TRUE,TRUE,50.69998513
45,2,-0.100897285,-0.039305714,0.618334518,1,[-0.03080175605719626],-0.030801756,,FALSE,FALSE,0
45,3,38.0187403,50.49962291,22.21303142,2,"[51.20536150457256, -0.41907464933641636]",-0.419074649,51.2053615,TRUE,TRUE,51.62443615
46,0,50.59224142,50.29716251,1.114341279,1,[50.16481799986185],,50.164818,FALSE,FALSE,0
46,1,25.22280248,24.22040893,25.91883024,2,"[-1.0686316932081934, 49.68946852158616]",-1.068631693,49.68946852,TRUE,TRUE,50.75810021
46,2,12.83320162,0.587785443,21.62137905,2,"[0.7364930440528403, 49.88814841875933]",0.736493044,49.88814842,TRUE,TRUE,49.15165537
46,3,12.32104772,-0.177844868,22.09681735,2,"[-0.1973269564726614, 50.8086451313322]",-0.197326956,50.80864513,TRUE,TRUE,51.00597209
47,0,25.04567307,25.12942085,24.98189391,2,"[0.0632238135425518, 49.31061573066663]",0.063223814,49.31061573,TRUE,TRUE,49.24739192
47,1,-0.06765924,-0.014550755,0.572854896,2,"[0.3313746368787749, -0.2331315404297385]",-0.23313154,,TRUE,FALSE,0.564506177
47,2,37.74333629,50.17474379,21.88854494,2,"[50.424523060847335, -0.22928793532696967]",-0.229287935,50.42452306,TRUE,TRUE,50.653811
47,3,-0.144617763,-0.060603951,0.480069619,1,[0.005065389060789016],0.005065389,,FALSE,FALSE,0
48,0,13.26245022,0.472392653,22.43101274,2,"[-0.21368039271082173, 51.1210598711487]",-0.213680393,51.12105987,TRUE,TRUE,51.33474026
48,1,12.52608435,-0.083328226,22.11535207,2,"[-0.25113402869923807, 50.04938947553333]",-0.251134029,50.04938948,TRUE,TRUE,50.3005235
48,2,-0.097923343,-0.057145172,0.494345634,1,[-0.0797636591086035],-0.079763659,,FALSE,FALSE,0
48,3,25.15941858,25.234605,25.62398128,2,"[-0.2014410530955386, 49.7005529016139]",-0.201441053,49.7005529,TRUE,TRUE,49.90199395
49,0,25.09439096,24.87865885,25.16988045,2,"[-0.39235017966797914, 49.54623466452832]",-0.39235018,49.54623466,TRUE,TRUE,49.93858484
49,1,-0.127648682,-0.086016906,0.725173489,1,[-0.13025041510715996],-0.130250415,,FALSE,FALSE,0
49,2,-0.521958535,-0.396800622,0.822240701,1,[-0.14611277229155206],-0.146112772,,FALSE,FALSE,0
49,3,50.6355688,50.25013769,1.477284631,1,[50.1408168582751],,50.14081686,FALSE,FALSE,0
50,0,12.52662876,0.177176505,21.86631709,2,"[-0.5646369056854779, 49.65503757518339]",-0.564636906,49.65503758,TRUE,TRUE,50.21967448
50,1,24.94070455,24.61573289,25.42966316,2,"[49.87907664792566, 0.007641927663692982]",0.007641928,49.87907665,TRUE,TRUE,49.87143472
50,2,12.13689561,-0.120175052,21.94375923,2,"[0.07752106631359279, 49.98624704057835]",0.077521066,49.98624704,TRUE,TRUE,49.90872597
50,3,-0.33331595,-0.311706566,0.791850056,1,[-0.23724563754582872],-0.237245638,,FALSE,FALSE,0
51,0,12.57734041,-0.006291145,22.17169999,2,"[0.27661300074951, 50.99548380358944]",0.276613001,50.9954838,TRUE,TRUE,50.7188708
51,1,38.35749178,50.21291275,22.07863636,2,"[49.682449640065954, -0.12700003495336443]",-0.127000035,49.68244964,TRUE,TRUE,49.80944968
51,2,12.2828704,0.053364641,21.83620546,2,"[-0.11684371911071612, 50.38799860184547]",-0.116843719,50.3879986,TRUE,TRUE,50.50484232
51,3,-0.36470794,-0.234001312,1.107632455,1,[-0.19246137678498165],-0.192461377,,FALSE,FALSE,0
52,0,12.74455604,-0.056939925,22.44355148,2,"[0.44845709444350357, 51.49972876393276]",0.448457094,51.49972876,TRUE,TRUE,51.05127167
52,1,-0.533360502,-0.471233052,0.668075475,1,[-0.3753971863037915],-0.375397186,,FALSE,FALSE,0
52,2,37.86535468,50.10875017,21.8825362,2,"[50.58132218939957, -0.4359659687929993]",-0.435965969,50.58132219,TRUE,TRUE,51.01728816
52,3,12.24425327,-0.153787534,22.14421706,2,"[-0.6502152470324782, 50.36672444825567]",-0.650215247,50.36672445,TRUE,TRUE,51.0169397
53,0,12.86258623,0.404007525,21.96947818,2,"[0.1867900272084455, 49.70964668637817]",0.186790027,49.70964669,TRUE,TRUE,49.52285666
53,1,25.05003568,26.63200288,25.39864367,2,"[50.99668599065671, -0.45844038188146996]",-0.458440382,50.99668599,TRUE,TRUE,51.45512637
53,2,-0.117436687,-0.047066842,0.77496325,1,[-0.0016142721158391993],-0.001614272,,FALSE,FALSE,0
53,3,-0.187112901,-0.08736794,1.097079915,1,[0.04695021956891132],0.04695022,,FALSE,FALSE,0
54,0,12.9656534,0.515554783,21.8760402,2,"[-0.08095057269486627, 50.680565613098864]",-0.080950573,50.68056561,TRUE,TRUE,50.76151619
54,1,-0.323878928,-0.250608908,0.720009503,1,[-0.05982315759946877],-0.059823158,,FALSE,FALSE,0
54,2,-0.177981362,-0.163752249,0.436700794,1,[-0.23468755686702858],-0.234687557,,FALSE,FALSE,0
54,3,50.33209285,50.16229903,0.832973964,1,[49.87804508974368],,49.87804509,FALSE,FALSE,0
55,0,37.46718194,49.83492964,21.84342714,2,"[50.030755452179, -0.7434952872882015]",-0.743495287,50.03075545,TRUE,TRUE,50.77425074
55,1,0.296778367,0.358242597,0.473690109,1,[0.358812949928899],0.35881295,,FALSE,FALSE,0
55,2,12.67766092,0.078818955,22.11880954,2,"[-0.31194728680289274, 50.58385338363768]",-0.311947287,50.58385338,TRUE,TRUE,50.89580067
55,3,25.30084396,24.86619273,25.64205433,2,"[50.33891282172081, -0.7291480531752121]",-0.729148053,50.33891282,TRUE,TRUE,51.06806087
56,0,25.3764803,25.33920049,25.40781093,2,"[50.67670315605626, 0.6743018955839482]",0.674301896,50.67670316,TRUE,TRUE,50.00240126
56,1,12.69476227,0.14343473,21.96126461,2,"[-0.033445074944479014, 50.22822876366229]",-0.033445075,50.22822876,TRUE,TRUE,50.26167384
56,2,37.58609262,49.68284504,21.82393307,2,"[49.271820982853576, -0.14563902880732194]",-0.145639029,49.27182098,TRUE,TRUE,49.41746001
56,3,-0.489422838,-0.276678697,1.35976524,1,[0.051492194235430944],0.051492194,,FALSE,FALSE,0
57,0,12.57420142,0.104881052,22.18952831,2,"[-0.3063343659599971, 50.352674555826475]",-0.306334366,50.35267456,TRUE,TRUE,50.65900892
57,1,12.49811434,0.173125312,21.92376001,2,"[0.4030181416183005, 50.53110227772629]",0.403018142,50.53110228,TRUE,TRUE,50.12808414
57,2,-1.133185232,-0.826418382,1.985212669,1,[-0.2102040348852725],-0.210204035,,FALSE,FALSE,0
57,3,-0.169576992,-0.134619864,0.565397254,1,[-0.010222749781718665],-0.01022275,,FALSE,FALSE,0
58,0,12.63118476,0.348472041,22.01935338,2,"[0.6135954025993282, 49.92901240680886]",0.613595403,49.92901241,TRUE,TRUE,49.315417
58,1,12.47206055,0.017682211,21.83579006,2,"[-0.39594301615766936, 49.93709118127557]",-0.395943016,49.93709118,TRUE,TRUE,50.3330342
58,2,24.9325088,24.56139617,25.02041998,2,"[50.09347518484449, 0.307807262208202]",0.307807262,50.09347518,TRUE,TRUE,49.78566792
58,3,25.20244895,25.94810977,25.04192225,2,"[50.29863783893775, 0.00511043983547621]",0.00511044,50.29863784,TRUE,TRUE,50.2935274
59,0,0.086274897,0.171090341,0.694161736,1,[0.2770454208644062],0.277045421,,FALSE,FALSE,0
59,1,13.00797943,0.427710993,22.3082547,2,"[0.27073789629613776, 50.950714352529914]",0.270737896,50.95071435,TRUE,TRUE,50.67997646
59,2,0.109427027,0.077662433,0.428248283,1,[0.05812673926121503],0.058126739,,FALSE,FALSE,0
59,3,-0.335229013,-0.237377929,0.580106018,1,[-0.19531923181727695],-0.195319232,,FALSE,FALSE,0
60,0,24.96758617,25.03233592,24.8550675,2,"[0.03619638842147577, 49.790479217121614]",0.036196388,49.79047922,TRUE,TRUE,49.75428283
60,1,12.82173855,0.211395872,22.23536597,2,"[0.5996863380591808, 51.2233382451757]",0.599686338,51.22333825,TRUE,TRUE,50.62365191
60,2,-0.436131536,-0.335422251,0.874721649,1,[-0.39675367749140467],-0.396753677,,FALSE,FALSE,0
60,3,-0.16650127,-0.1612991,0.34252145,1,[-0.1655362793408992],-0.165536279,,FALSE,FALSE,0
61,0,12.34121308,0.006174442,21.9145847,2,"[0.2722486001738824, 50.11103141704353]",0.2722486,50.11103142,TRUE,TRUE,49.83878282
61,1,12.20527001,0.013442913,21.9302845,2,"[-0.3939443269882217, 49.551742876119164]",-0.393944327,49.55174288,TRUE,TRUE,49.9456872
61,2,50.16542593,50.06595731,0.875892868,1,[49.605360855935245],,49.60536086,FALSE,FALSE,0
61,3,50.21217748,50.13113424,0.512111108,1,[49.947281708685196],,49.94728171,FALSE,FALSE,0
62,0,38.64192772,50.56268903,22.65817091,2,"[50.93284865295538, 0.19926127454011144]",0.199261275,50.93284865,TRUE,TRUE,50.73358738
62,1,-0.368106113,-0.360531684,0.653056062,1,[-0.35649655956457593],-0.35649656,,FALSE,FALSE,0
62,2,12.16579335,-0.218398869,21.98341674,2,"[-0.2531714172508601, 50.44537868681169]",-0.253171417,50.44537869,TRUE,TRUE,50.6985501
62,3,0.063093217,0.067859242,0.597214458,1,[0.022700403788841195],0.022700404,,FALSE,FALSE,0
63,0,25.09441734,25.05293172,25.02635571,2,"[-0.01650866693056252, 49.82872165226346]",-0.016508667,49.82872165,TRUE,TRUE,49.84523032
63,1,12.53282428,0.25560749,21.83049182,2,"[0.18176767619072098, 49.66864337911357]",0.181767676,49.66864338,TRUE,TRUE,49.4868757
63,2,25.86814727,24.13458801,25.58154697,2,"[0.7297819387913234, 50.07501592350941]",0.729781939,50.07501592,TRUE,TRUE,49.34523398
63,3,12.6770501,0.461353327,21.59195787,2,"[-0.15328107117537781, 49.44448661420342]",-0.153281071,49.44448661,TRUE,TRUE,49.59776769
64,0,25.58686133,25.04036283,25.74138263,2,"[-0.3252883305720742, 51.1626797274934]",-0.325288331,51.16267973,TRUE,TRUE,51.48796806
64,1,12.61533453,-0.031750006,22.20062772,2,"[-0.44513172363844244, 50.153823987472535]",-0.445131724,50.15382399,TRUE,TRUE,50.59895571
64,2,12.42631679,-0.034379726,21.81970708,2,"[0.38447834679563053, 49.51645830979405]",0.384478347,49.51645831,TRUE,TRUE,49.13197996
64,3,37.57721891,50.1328057,21.9642782,2,"[49.958011019965554, -0.7785952750930283]",-0.778595275,49.95801102,TRUE,TRUE,50.7366063
65,0,50.53470638,50.07758367,1.648509432,1,[49.676903507808404],,49.67690351,FALSE,FALSE,0
65,1,-0.239646903,-0.111090119,0.717701008,1,[-0.03939140961142451],-0.03939141,,FALSE,FALSE,0
65,2,-0.068678135,-0.041889284,0.807274055,1,[-0.1395981014066363],-0.139598101,,FALSE,FALSE,0
65,3,50.02060609,49.94138184,0.757962325,1,[50.033402439307324],,50.03340244,FALSE,FALSE,0
66,0,12.32171301,0.000687436,22.26768601,2,"[-0.6201352830068032, 50.136077740711315]",-0.620135283,50.13607774,TRUE,TRUE,50.75621302
66,1,24.80878816,24.98227519,25.01711594,2,"[-0.2831994042903019, 49.581917744108765]",-0.283199404,49.58191774,TRUE,TRUE,49.86511715
66,2,50.42643256,50.35661493,0.795580602,1,[50.18062684715101],,50.18062685,FALSE,FALSE,0
66,3,52.16055501,51.56376956,2.739986709,1,[50.69912721367445],,50.69912721,FALSE,FALSE,0
67,0,12.05072708,-0.412911768,22.06713394,2,"[-0.24077649049689098, 49.595390155491486]",-0.24077649,49.59539016,TRUE,TRUE,49.83616665
67,1,-0.047101956,-0.037323731,0.330066134,1,[0.048448488887603336],0.048448489,,FALSE,FALSE,0
67,2,25.36583559,24.82484423,25.6630079,2,"[-0.5795643620360975, 50.36816048094978]",-0.579564362,50.36816048,TRUE,TRUE,50.94772484
67,3,-0.232816834,-0.233614803,0.388437788,1,[-0.25749709426441125],-0.257497094,,FALSE,FALSE,0
68,0,12.67845872,0.242775316,21.7762555,2,"[0.02015669558162614, 49.86779630098245]",0.020156696,49.8677963,TRUE,TRUE,49.84763961
68,1,12.21304804,-0.251828315,21.92493839,2,"[-0.8329396793160515, 50.07849347861644]",-0.832939679,50.07849348,TRUE,TRUE,50.91143316
68,2,25.11247059,25.06732826,25.36163196,2,"[50.575916025729384, -0.6386418762653467]",-0.638641876,50.57591603,TRUE,TRUE,51.2145579
68,3,-0.404790269,-0.287013642,0.783422912,1,[-0.11687515068415966],-0.116875151,,FALSE,FALSE,0
69,0,0.44736399,0.480437307,0.827986926,1,[0.501324443861181],0.501324444,,FALSE,FALSE,0
69,1,25.00194526,24.6644511,25.32784396,2,"[-0.6140099903857217, 50.729676900844076]",-0.61400999,50.7296769,TRUE,TRUE,51.34368689
69,2,-0.28939539,-0.281184121,0.408419419,1,[-0.29981347431178373],-0.299813474,,FALSE,FALSE,0
69,3,51.12649987,51.06988278,0.913389108,1,[51.22097104005624],,51.22097104,FALSE,FALSE,0
70,0,38.38814407,50.31084563,22.27146025,2,"[50.62111361637401, -0.3523529264276266]",-0.352352926,50.62111362,TRUE,TRUE,50.97346654
70,1,-1.012106605,-0.730081953,2.194256493,1,[0.12221780186168019],0.122217802,,FALSE,FALSE,0
70,2,49.84082989,49.66935409,1.127154413,1,[49.03077203577018],,49.03077204,FALSE,FALSE,0
70,3,50.68626319,50.39410282,1.365072785,1,[50.17419349734159],,50.1741935,FALSE,FALSE,0
71,0,-0.34168078,-0.388747787,0.326198162,1,[-0.43867665090630736],-0.438676651,,FALSE,FALSE,0
71,1,12.61674898,0.252447618,21.82814149,2,"[-0.3608219454665489, 50.42052346965805]",-0.360821945,50.42052347,TRUE,TRUE,50.78134542
71,2,25.16881697,24.79221219,25.60571789,2,"[-0.6884361744124674, 50.071517188959675]",-0.688436174,50.07151719,TRUE,TRUE,50.75995336
71,3,-0.032763276,-0.042995964,0.513507872,1,[-0.034095554487071134],-0.034095554,,FALSE,FALSE,0
72,0,25.7836592,21.57955118,26.02335936,2,"[-0.018749679832721355, 51.2339949125314]",-0.01874968,51.23399491,TRUE,TRUE,51.25274459
72,1,25.22806292,25.75047259,25.65620576,2,"[-0.293001898289142, 50.51034245269594]",-0.293001898,50.51034245,TRUE,TRUE,50.80334435
72,2,37.48219967,49.90800022,22.18438045,2,"[50.57230674740444, -0.31957450450918756]",-0.319574505,50.57230675,TRUE,TRUE,50.89188125
72,3,0.077041292,0.138821336,0.720334735,1,[0.10612216599438451],0.106122166,,FALSE,FALSE,0
73,0,0.191713566,0.259787738,0.722804078,1,[0.21223309155832126],0.212233092,,FALSE,FALSE,0
73,1,37.92123372,50.15418736,21.93713239,2,"[50.44103993431853, 0.43295963451473707]",0.432959635,50.44103993,TRUE,TRUE,50.0080803
73,2,-0.463237082,-0.36950051,0.792355447,2,"[0.1001277433764649, -0.8530718683724308]",-0.853071868,,TRUE,FALSE,0.953199612
73,3,-0.454045819,-0.355272738,0.886654744,1,[-0.3365702594992994],-0.336570259,,FALSE,FALSE,0
74,0,12.57985184,0.137237003,21.82397948,2,"[-0.07335029488702283, 50.35857299186347]",-0.073350295,50.35857299,TRUE,TRUE,50.43192329
74,1,24.68663059,23.28948067,25.22705409,2,"[-0.6444530787562996, 49.68462637131411]",-0.644453079,49.68462637,TRUE,TRUE,50.32907945
74,2,37.56759618,49.69926265,21.74534505,2,"[49.52947698389505, 0.03808223999039617]",0.03808224,49.52947698,TRUE,TRUE,49.49139474
74,3,-0.2350818,-0.137220372,0.667764311,1,[-0.06161466330594312],-0.061614663,,FALSE,FALSE,0
75,0,50.31579286,49.98877359,1.421336015,1,[49.549277918029496],,49.54927792,FALSE,FALSE,0
75,1,25.11169724,24.38784258,25.44930803,2,"[-0.5991539156362471, 50.47773707817237]",-0.599153916,50.47773708,TRUE,TRUE,51.07689099
75,2,37.78926559,49.72151037,21.70644285,2,"[50.07681322913061, -0.36502351483735684]",-0.365023515,50.07681323,TRUE,TRUE,50.44183674
75,3,50.20000348,50.15133136,0.92975078,1,[50.0802985386518],,50.08029854,FALSE,FALSE,0
76,0,25.2779933,25.62644874,25.5005661,2,"[-0.222290173488219, 50.17236871672458]",-0.222290173,50.17236872,TRUE,TRUE,50.39465889
76,1,12.67584914,0.143395742,21.97131973,2,"[-0.23759637091557861, 50.3463019996897]",-0.237596371,50.346302,TRUE,TRUE,50.58389837
76,2,-0.278866992,-0.231306136,0.506451609,1,[-0.14525243841414692],-0.145252438,,FALSE,FALSE,0
76,3,-0.041551365,0.019596172,0.455596472,2,"[0.21484214645385635, -0.3820605686587979]",-0.382060569,,TRUE,FALSE,0.596902715
77,0,37.73589177,50.04510249,22.71734988,2,"[50.33995367026888, -1.7704465420169209]",-1.770446542,50.33995367,TRUE,TRUE,52.11040021
77,1,12.22802205,-0.122137585,21.93687409,2,"[-0.15146713504907838, 49.74420974216933]",-0.151467135,49.74420974,TRUE,TRUE,49.89567688
77,2,-0.329089677,-0.35998719,0.555982807,1,[-0.4213529202433679],-0.42135292,,FALSE,FALSE,0
77,3,-0.02667369,-0.021507009,0.466725699,2,"[-0.03796097186802294, -0.5112804276326837]",-0.511280428,,TRUE,FALSE,0.473319456
78,0,50.47428874,50.3758277,0.777499653,1,[50.370304360993984],,50.37030436,FALSE,FALSE,0
78,1,-0.244309074,-0.12229348,0.959278109,1,[-0.13002175158209717],-0.130021752,,FALSE,FALSE,0
78,2,24.90132833,24.05666344,25.02913436,2,"[49.999557853275576, 0.5562021354081113]",0.556202135,49.99955785,TRUE,TRUE,49.44335572
78,3,50.38869218,50.38816694,0.759653463,1,[50.46895442409441],,50.46895442,FALSE,FALSE,0
79,0,50.41249751,50.28883072,1.05582783,1,[50.12600979902374],,50.1260098,FALSE,FALSE,0
79,1,-0.092672822,-0.024293178,0.534458303,1,[0.1298594319129207],0.129859432,,FALSE,FALSE,0
79,2,50.34336014,50.24596901,0.724117477,1,[50.0478435563584],,50.04784356,FALSE,FALSE,0
79,3,50.91194373,50.53062058,1.301137909,1,[50.31848532001504],,50.31848532,FALSE,FALSE,0
80,0,12.57399226,0.036927789,21.98210084,2,"[0.24939788619623782, 50.0485499469]",0.249397886,50.04854995,TRUE,TRUE,49.79915206
80,1,24.82294987,24.02077449,25.04981497,2,"[0.05631017941172978, 49.170441185574575]",0.056310179,49.17044119,TRUE,TRUE,49.11413101
80,2,38.91367823,50.7159172,22.5972066,2,"[51.549828313171574, 0.5921130837547168]",0.592113084,51.54982831,TRUE,TRUE,50.95771523
80,3,-0.070106187,-0.006501432,0.636237235,1,[-0.03927185312293524],-0.039271853,,FALSE,FALSE,0
81,0,50.13193192,50.03977665,0.946520679,1,[50.03458723092707],,50.03458723,FALSE,FALSE,0
81,1,25.22476855,24.67078977,24.9933902,2,"[-0.08718001861073965, 49.63744442365167]",-0.087180019,49.63744442,TRUE,TRUE,49.72462444
81,2,-0.520529243,-0.453220891,0.925443434,1,[-0.39658010018547074],-0.3965801,,FALSE,FALSE,0
81,3,-0.164129039,-0.083215553,0.870647627,1,[-0.004338309264624307],-0.004338309,,FALSE,FALSE,0
82,0,12.78994591,-0.112791463,22.80341265,2,"[-0.43150136812766693, 51.063673018623774]",-0.431501368,51.06367302,TRUE,TRUE,51.49517439
82,1,0.553187571,0.626665328,0.606496283,1,[0.8176345052644001],0.817634505,,FALSE,FALSE,0
82,2,-0.652280759,-0.516956185,0.732642111,2,"[-0.08194124730344665, -1.0379149636546434]",-1.037914964,,TRUE,FALSE,0.955973716
82,3,50.43593491,50.35413073,0.789131896,1,[50.32095187503899],,50.32095188,FALSE,FALSE,0
83,0,12.5466088,0.173726828,21.62107859,2,"[0.06779438377285674, 50.3650727701624]",0.067794384,50.36507277,TRUE,TRUE,50.29727839
83,1,37.41309701,49.79065724,21.83047041,2,"[49.62221926268146, -0.22950815017855852]",-0.22950815,49.62221926,TRUE,TRUE,49.85172741
83,2,49.82562948,49.82067923,0.446513897,1,[49.88874017412053],,49.88874017,FALSE,FALSE,0
83,3,-0.000267334,0.23505587,1.061448473,1,[0.10261627124584649],0.102616271,,FALSE,FALSE,0
84,0,50.13836481,50.10474659,0.613078822,1,[50.22772269540026],,50.2277227,FALSE,FALSE,0
84,1,0.337784178,0.31310874,0.742553736,1,[0.20707686451394203],0.207076865,,FALSE,FALSE,0
84,2,37.6436466,49.88491951,21.77307024,2,"[49.64611685129955, -0.5768829806301445]",-0.576882981,49.64611685,TRUE,TRUE,50.22299983
84,3,49.98876884,49.74585561,1.202640028,1,[49.67744039973357],,49.6774404,FALSE,FALSE,0
85,0,12.58672171,0.066482847,22.12510025,2,"[0.3267912175848755, 50.54064767975131]",0.326791218,50.54064768,TRUE,TRUE,50.21385646
85,1,0.148640706,0.073194094,0.724885525,1,[-0.10165110130592048],-0.101651101,,FALSE,FALSE,0
85,2,-0.330732861,-0.257669267,0.658799582,1,[-0.11232234462595159],-0.112322345,,FALSE,FALSE,0
85,3,50.37633534,50.27145333,0.870180611,1,[50.116663278863754],,50.11666328,FALSE,FALSE,0
86,0,50.16393373,50.01192723,0.945825289,1,[49.90114475835418],,49.90114476,FALSE,FALSE,0
86,1,-0.693400031,-0.69605054,0.691436493,1,[-0.783477491767619],-0.783477492,,FALSE,FALSE,0
86,2,-0.360108653,-0.297456088,0.534345289,1,[-0.05728480627776067],-0.057284806,,FALSE,FALSE,0
86,3,37.50844712,49.60661173,21.91908645,2,"[49.41147442267626, -0.1510597524000561]",-0.151059752,49.41147442,TRUE,TRUE,49.56253418
87,0,-0.295778202,-0.282902796,0.635597809,1,[-0.3301670991218577],-0.330167099,,FALSE,FALSE,0
87,1,25.06636551,24.69288218,25.06614568,2,"[0.5266883764053127, 50.60263332280486]",0.526688376,50.60263332,TRUE,TRUE,50.07594495
87,2,37.99870738,50.3503136,22.06005086,2,"[50.18904484258073, 0.24797716526657876]",0.247977165,50.18904484,TRUE,TRUE,49.94106768
87,3,-0.940068721,-0.377537954,2.171337695,1,[-0.1992340103682757],-0.19923401,,FALSE,FALSE,0
88,0,25.24456904,25.02703599,25.31626454,2,"[0.552377637164752, 49.75441827428057]",0.552377637,49.75441827,TRUE,TRUE,49.20204064
88,1,25.26785144,22.52313632,25.65766793,2,"[0.2867451353639625, 50.336691553182305]",0.286745135,50.33669155,TRUE,TRUE,50.04994642
88,2,25.46932414,23.04241819,25.77406607,2,"[-0.2805380199593106, 50.123236932800495]",-0.28053802,50.12323693,TRUE,TRUE,50.40377495
88,3,12.40060385,-0.163229492,22.16625046,2,"[-0.7997989214889984, 50.609454677611595]",-0.799798921,50.60945468,TRUE,TRUE,51.4092536
89,0,12.35353539,-0.043457583,21.81078266,2,"[-0.42246233763210217, 49.763061487341545]",-0.422462338,49.76306149,TRUE,TRUE,50.18552382
89,1,-0.526349506,-0.507056337,0.496725815,2,"[-0.29241312629141447, -0.6788876873576295]",-0.678887687,,TRUE,FALSE,0.386474561
89,2,38.04589864,50.53503431,22.08416408,2,"[50.36812693230473, -0.09524115449785597]",-0.095241154,50.36812693,TRUE,TRUE,50.46336809
89,3,-0.426177007,-0.435540261,0.338898365,1,[-0.39205880943137483],-0.392058809,,FALSE,FALSE,0
90,0,12.21784031,-0.192343422,22.10435004,2,"[-0.7816898258659926, 49.677808374828004]",-0.781689826,49.67780837,TRUE,TRUE,50.4594982
90,1,12.54806449,0.196617267,21.79187899,2,"[-0.23652900806094745, 49.87223413441649]",-0.236529008,49.87223413,TRUE,TRUE,50.10876314
90,2,-0.10326574,-0.089653469,0.644234522,1,[-0.27769172971001765],-0.27769173,,FALSE,FALSE,0
90,3,12.0344079,-0.272070714,22.09633088,2,"[-0.13640535912256402, 50.298701676765376]",-0.136405359,50.29870168,TRUE,TRUE,50.43510704
91,0,-0.186084438,-0.204106055,0.795145593,1,[-0.3153513315326939],-0.315351332,,FALSE,FALSE,0
91,1,-0.255407697,-0.239935623,0.451067492,1,[-0.23333268106939098],-0.233332681,,FALSE,FALSE,0
91,2,-0.10367813,-0.048768685,0.548839113,1,[0.11910199200412297],0.119101992,,FALSE,FALSE,0
91,3,-0.25532391,-0.160135051,0.635183861,1,[-0.14368211104268713],-0.143682111,,FALSE,FALSE,0
92,0,12.38896129,0.228527545,21.83430207,2,"[0.2543304212101436, 50.738079614919926]",0.254330421,50.73807961,TRUE,TRUE,50.48374919
92,1,37.55805999,50.10007692,22.435059,2,"[49.620634557135354, -1.1010954309247243]",-1.101095431,49.62063456,TRUE,TRUE,50.72172999
92,2,12.33067185,-0.021178557,21.82206767,2,"[-0.3093605609048602, 49.96686787015728]",-0.309360561,49.96686787,TRUE,TRUE,50.27622843
92,3,-0.114467702,-0.074457547,0.574122928,1,[0.032001341368989245],0.032001341,,FALSE,FALSE,0
93,0,24.58578604,25.75254437,25.52431645,2,"[50.49301840055827, -0.390992778550725]",-0.390992779,50.4930184,TRUE,TRUE,50.88401118
93,1,12.46238913,0.072271703,21.99696225,2,"[-0.37026917910120094, 50.378677759119014]",-0.370269179,50.37867776,TRUE,TRUE,50.74894694
93,2,37.89528694,50.20984644,22.22136757,2,"[50.20840427992407, -0.7890141670484541]",-0.789014167,50.20840428,TRUE,TRUE,50.99741845
93,3,0.12009722,0.09613433,0.719027391,1,[0.1569682333232585],0.156968233,,FALSE,FALSE,0
94,0,24.94708729,24.97073015,25.18520324,2,"[50.104112678757815, -0.10368677996887232]",-0.10368678,50.10411268,TRUE,TRUE,50.20779946
94,1,25.21523638,23.84013791,25.44387986,2,"[-0.7461101580780403, 50.64516792935835]",-0.746110158,50.64516793,TRUE,TRUE,51.39127809
94,2,25.03316444,24.53726887,25.09433881,2,"[0.05969551342169854, 50.445766889828]",0.059695513,50.44576689,TRUE,TRUE,50.38607138
94,3,12.33892768,-0.218652521,22.28566016,2,"[-0.8597440489746608, 51.16410607918506]",-0.859744049,51.16410608,TRUE,TRUE,52.02385013
95,0,12.43447759,-0.085931702,22.26257493,2,"[-0.9120896603373998, 50.18615021098024]",-0.91208966,50.18615021,TRUE,TRUE,51.09823987
95,1,37.35039762,49.87038919,21.82519004,2,"[49.89941987655618, -0.5528482012375258]",-0.552848201,49.89941988,TRUE,TRUE,50.45226808
95,2,-0.188942292,-0.108089903,0.948900673,1,[-0.15584111025542668],-0.15584111,,FALSE,FALSE,0
95,3,0.214067881,0.301817342,0.551156507,1,[0.36436047280987705],0.364360473,,FALSE,FALSE,0
96,0,50.5839194,50.61391348,0.582843931,1,[50.68023762662909],,50.68023763,FALSE,FALSE,0
96,1,0.062336424,0.140913348,0.718242874,1,[0.05460955991170291],0.05460956,,FALSE,FALSE,0
96,2,-0.337066849,-0.304199519,0.645143519,1,[-0.15758565508063738],-0.157585655,,FALSE,FALSE,0
96,3,24.72502311,25.1527326,25.42750844,2,"[-0.5744018749217581, 50.31854830231107]",-0.574401875,50.3185483,TRUE,TRUE,50.89295018
97,0,25.21630799,25.44368259,25.67431986,2,"[50.528681231627026, -0.9644477820211186]",-0.964447782,50.52868123,TRUE,TRUE,51.49312901
97,1,-0.663134477,-0.643150202,0.700295926,1,[-0.5534391560022294],-0.553439156,,FALSE,FALSE,0
97,2,0.098246979,0.229453881,0.503332058,1,[0.33941094973659247],0.33941095,,FALSE,FALSE,0
97,3,12.91397832,0.30821091,22.13263262,2,"[-0.009056533478878803, 50.51742923538457]",-0.009056533,50.51742924,TRUE,TRUE,50.52648577
98,0,-0.263772747,-0.177679174,0.590930114,1,[-0.2567760235950365],-0.256776024,,FALSE,FALSE,0
98,1,12.59926182,0.1864521,21.7203186,2,"[-0.09297711390055818, 50.12492404424698]",-0.092977114,50.12492404,TRUE,TRUE,50.21790116
98,2,-0.334442627,-0.260074331,0.883969099,1,[-0.41198902887766486],-0.411989029,,FALSE,FALSE,0
98,3,50.54722758,50.33497534,1.062136642,1,[50.08870289599012],,50.0887029,FALSE,FALSE,0
99,0,51.51470299,51.11897578,1.511154295,1,[50.648186641622715],,50.64818664,FALSE,FALSE,0
99,1,0.243717063,0.320285909,0.499709826,1,[0.51176030875023],0.511760309,,FALSE,FALSE,0
99,2,13.04900168,0.283693189,22.50403974,2,"[0.834411450737425, 51.519768595240016]",0.834411451,51.5197686,TRUE,TRUE,50.68535714
99,3,-0.875257004,-0.654475853,1.157645733,1,[-0.22673660896018433],-0.226736609,,FALSE,FALSE,0
,,,,,,,,,,,
,,,,,,,,,,,
,,,,,,,,,,,
,,,,,,,,,,,
,,,,,,,mean= -0.14,mean = 50.20,,,
